{"payload":{"installed_packages":["annotated-types==0.7.0","anyio==4.9.0","asttokens==3.0.0","attrs==25.3.0","autocommand==2.2.2","backports.tarfile==1.2.0","blinker==1.9.0","certifi==2025.4.26","charset-normalizer==3.4.2","click==8.2.0","colorama==0.4.6","comet_ml==3.49.10","comm==0.2.2","configobj==5.0.9","contourpy==1.3.2","cycler==0.12.1","debugpy==1.8.14","decorator==5.2.1","distro==1.9.0","dulwich==0.22.8","everett==3.1.0","executing==2.2.0","filelock==3.18.0","flask==3.1.1","flask-cors==5.0.1","fonttools==4.58.0","fsspec==2025.3.2","gitdb==4.0.12","gitpython==3.1.44","h11==0.16.0","httpcore==1.0.9","httpx==0.28.1","idna==3.10","importlib_metadata==8.0.0","inflect==7.3.1","ipykernel==6.29.5","ipython==9.2.0","ipython_pygments_lexers==1.1.1","itsdangerous==2.2.0","jaraco.collections==5.1.0","jaraco.context==5.3.0","jaraco.functools==4.0.1","jaraco.text==3.12.1","jedi==0.19.2","jinja2==3.1.6","jiter==0.9.0","jsonschema==4.23.0","jsonschema-specifications==2025.4.1","jupyter_client==8.6.3","jupyter_core==5.7.2","kagglehub==0.3.12","kiwisolver==1.4.8","markdown-it-py==3.0.0","markupsafe==3.0.2","matplotlib==3.10.3","matplotlib-inline==0.1.7","mdurl==0.1.2","more-itertools==10.3.0","mpmath==1.3.0","nest-asyncio==1.6.0","networkx==3.4.2","numpy==2.2.5","openai==1.78.1","opencv-python==4.11.0.86","packaging==24.2","packaging==25.0","pandas==2.2.3","parso==0.8.4","pillow==11.2.1","pip==25.0.1","platformdirs==4.2.2","platformdirs==4.3.8","prompt_toolkit==3.0.51","psutil==7.0.0","pure_eval==0.2.3","py-cpuinfo==9.0.0","pydantic==2.11.4","pydantic_core==2.33.2","pygments==2.19.1","pyparsing==3.2.3","python-box==6.1.0","python-dateutil==2.9.0.post0","pytz==2025.2","pywin32==310","pyyaml==6.0.2","pyzmq==26.4.0","referencing==0.36.2","requests==2.32.3","requests-toolbelt==1.0.0","rich==14.0.0","rpds-py==0.24.0","scipy==1.15.3","seaborn==0.13.2","segment-anything==1.0","semantic-version==2.10.0","sentry-sdk==2.28.0","setuptools==80.4.0","simplejson==3.20.1","six==1.17.0","smmap==5.0.2","sniffio==1.3.1","stack-data==0.6.3","sympy==1.14.0","thop==0.1.1-2209072238","tomli==2.0.1","torch==2.7.0","torchvision==0.22.0","tornado==6.4.2","tqdm==4.67.1","traitlets==5.14.3","typeguard==4.3.0","typing-inspection==0.4.0","typing_extensions==4.12.2","typing_extensions==4.13.2","tzdata==2025.2","ultralytics==8.3.134","ultralytics-thop==2.0.14","urllib3==2.4.0","wcwidth==0.2.13","werkzeug==3.1.3","wheel==0.45.1","wrapt==1.17.2","wurlitzer==3.1.1","zipp==3.19.2"],"message_id":1},"type":"installed_packages"}
{"payload":{"command":["train.py","--img","640","--batch","16","--epochs","50","--data","data.yaml","--weights","yolov5s.pt"],"env":null,"hostname":"Dell-Dude","ip":"192.168.1.3","machine":"AMD64","message_id":2,"os":"Windows-11-10.0.26100-SP0","os_release":"11","os_type":"Windows","pid":1264,"processor":"Intel64 Family 6 Model 142 Stepping 12, GenuineIntel","python_exe":"C:\\Python313\\python.exe","python_version":"3.13.3","python_version_verbose":"3.13.3 (tags/v3.13.3:6280bb5, Apr  8 2025, 14:47:33) [MSC v.1943 64 bit (AMD64)]","user":"USER"},"type":"system_details"}
{"payload":{"local_timestamp":1747318956096,"message_id":3,"param":{"paramName":"img","paramValue":640,"source":"cli","step":null}},"type":"parameter_msg"}
{"payload":{"local_timestamp":1747318956096,"message_id":4,"param":{"paramName":"batch","paramValue":16,"source":"cli","step":null}},"type":"parameter_msg"}
{"payload":{"local_timestamp":1747318956096,"message_id":5,"param":{"paramName":"epochs","paramValue":50,"source":"cli","step":null}},"type":"parameter_msg"}
{"payload":{"local_timestamp":1747318956096,"message_id":6,"param":{"paramName":"data","paramValue":"data.yaml","source":"cli","step":null}},"type":"parameter_msg"}
{"payload":{"local_timestamp":1747318956096,"message_id":7,"param":{"paramName":"weights","paramValue":"yolov5s.pt","source":"cli","step":null}},"type":"parameter_msg"}
{"payload":{"local_timestamp":1747318956097,"message_id":8,"metric":{"epoch":null,"metricName":"sys.cpu.percent.avg","metricValue":0.0,"step":null}},"type":"metric_msg"}
{"payload":{"local_timestamp":1747318956097,"message_id":9,"metric":{"epoch":null,"metricName":"sys.ram.total","metricValue":34161336320,"step":null}},"type":"metric_msg"}
{"payload":{"local_timestamp":1747318956097,"message_id":10,"metric":{"epoch":null,"metricName":"sys.ram.used","metricValue":16712900608,"step":null}},"type":"metric_msg"}
{"payload":{"local_timestamp":1747318956097,"message_id":11,"metric":{"epoch":null,"metricName":"sys.ram.available","metricValue":17448435712,"step":null}},"type":"metric_msg"}
{"payload":{"local_timestamp":1747318956097,"message_id":12,"metric":{"epoch":null,"metricName":"sys.ram.percent.used","metricValue":48.9,"step":null}},"type":"metric_msg"}
{"payload":{"local_timestamp":1747318956097,"message_id":13,"metric":{"epoch":null,"metricName":"sys.load.avg","metricValue":0.0,"step":null}},"type":"metric_msg"}
{"payload":{"key":"offline_experiment","message_id":14,"value":true},"type":"log_other"}
{"payload":{"key":"Name","message_id":15,"value":"exp"},"type":"log_other"}
{"payload":{"additional_params":{"assetId":"a80fe679f23e42bfb560cc5bf6e223dd","context":null,"extension":"yaml","fileName":"data.yaml","overwrite":false,"runId":null,"step":null},"clean":true,"file_path":"tmpzkditq_7","local_timestamp":1747318956104,"message_id":16,"metadata":{"type":"data-config-file"},"upload_type":"asset"},"type":"file_upload"}
{"payload":{"local_timestamp":1747318956115,"message_id":17,"output":"\nDataset not found , missing paths ['C:\\\\Users\\\\USER\\\\Desktop\\\\vit_project\\\\yolov5\\\\yolov5\\\\images\\\\val']\n","stderr":true},"type":"standard_output"}
{"payload":{"local_timestamp":1747318956121,"message_id":18,"output":"Traceback (most recent call last):\n","stderr":true},"type":"standard_output"}
{"payload":{"local_timestamp":1747318956123,"message_id":19,"output":"  File \u001b[35m\"C:\\Users\\USER\\Desktop\\vit_project\\yolov5\\train.py\"\u001b[0m, line \u001b[35m1003\u001b[0m, in \u001b[35m<module>\u001b[0m\n    \u001b[31mmain\u001b[0m\u001b[1;31m(opt)\u001b[0m\n    \u001b[31m~~~~\u001b[0m\u001b[1;31m^^^^^\u001b[0m\n","stderr":true},"type":"standard_output"}
{"payload":{"local_timestamp":1747318956124,"message_id":20,"output":"  File \u001b[35m\"C:\\Users\\USER\\Desktop\\vit_project\\yolov5\\train.py\"\u001b[0m, line \u001b[35m705\u001b[0m, in \u001b[35mmain\u001b[0m\n    \u001b[31mtrain\u001b[0m\u001b[1;31m(opt.hyp, opt, device, callbacks)\u001b[0m\n    \u001b[31m~~~~~\u001b[0m\u001b[1;31m^^^^^^^^^^^^^^^^^^^^^^^^^^^^^^^^^\u001b[0m\n","stderr":true},"type":"standard_output"}
{"payload":{"local_timestamp":1747318956124,"message_id":21,"output":"  File \u001b[35m\"C:\\Users\\USER\\Desktop\\vit_project\\yolov5\\train.py\"\u001b[0m, line \u001b[35m181\u001b[0m, in \u001b[35mtrain\u001b[0m\n    loggers = Loggers(\n        save_dir=save_dir,\n    ...<4 lines>...\n        include=tuple(include_loggers),\n    )\n","stderr":true},"type":"standard_output"}
{"payload":{"local_timestamp":1747318956124,"message_id":22,"output":"  File \u001b[35m\"C:\\Users\\USER\\Desktop\\vit_project\\yolov5\\utils\\loggers\\__init__.py\"\u001b[0m, line \u001b[35m154\u001b[0m, in \u001b[35m__init__\u001b[0m\n    self.comet_logger = \u001b[31mCometLogger\u001b[0m\u001b[1;31m(self.opt, self.hyp)\u001b[0m\n                        \u001b[31m~~~~~~~~~~~\u001b[0m\u001b[1;31m^^^^^^^^^^^^^^^^^^^^\u001b[0m\n","stderr":true},"type":"standard_output"}
{"payload":{"local_timestamp":1747318956124,"message_id":23,"output":"  File \u001b[35m\"C:\\Users\\USER\\Desktop\\vit_project\\yolov5\\utils\\loggers\\comet\\__init__.py\"\u001b[0m, line \u001b[35m100\u001b[0m, in \u001b[35m__init__\u001b[0m\n    self.data_dict = \u001b[31mself.check_dataset\u001b[0m\u001b[1;31m(self.opt.data)\u001b[0m\n                     \u001b[31m~~~~~~~~~~~~~~~~~~\u001b[0m\u001b[1;31m^^^^^^^^^^^^^^^\u001b[0m\n","stderr":true},"type":"standard_output"}
{"payload":{"local_timestamp":1747318956125,"message_id":24,"output":"  File \u001b[35m\"C:\\Users\\USER\\Desktop\\vit_project\\yolov5\\utils\\loggers\\comet\\__init__.py\"\u001b[0m, line \u001b[35m258\u001b[0m, in \u001b[35mcheck_dataset\u001b[0m\n    return check_dataset(data_file)\n","stderr":true},"type":"standard_output"}
{"payload":{"local_timestamp":1747318956125,"message_id":25,"output":"  File \u001b[35m\"C:\\Users\\USER\\Desktop\\vit_project\\yolov5\\utils\\general.py\"\u001b[0m, line \u001b[35m565\u001b[0m, in \u001b[35mcheck_dataset\u001b[0m\n    raise Exception(\"Dataset not found \u274c\")\n","stderr":true},"type":"standard_output"}
{"payload":{"local_timestamp":1747318956125,"message_id":26,"output":"\u001b[1;35mException\u001b[0m: \u001b[35mDataset not found \u274c\u001b[0m\n","stderr":true},"type":"standard_output"}
{"payload":{"local_timestamp":1747318956126,"message_id":27,"output":"\u001b[1;38;5;39mCOMET INFO:\u001b[0m The process of logging environment details (conda environment, git patch) is underway. Please be patient as this may take some time.\n","stderr":true},"type":"standard_output"}
{"payload":{"git_metadata":{"branch":"refs/heads/master","origin":"https://github.com/ultralytics/yolov5","parent":"a493afe1486639b6f542c69716d131bd103ceeef","repo_name":"yolov5","root":"1e84a23f38fad9e52b59101e9f1246d93066ed1e","status":null,"user":null},"message_id":28},"type":"git_metadata"}
{"payload":{"local_timestamp":1747318956683,"message_id":29,"output":"\u001b[1;38;5;39mCOMET INFO:\u001b[0m ---------------------------------------------------------------------------------------\n","stderr":true},"type":"standard_output"}
{"payload":{"local_timestamp":1747318956684,"message_id":30,"output":"\u001b[1;38;5;39mCOMET INFO:\u001b[0m Comet.ml OfflineExperiment Summary\n","stderr":true},"type":"standard_output"}
{"payload":{"local_timestamp":1747318956684,"message_id":31,"output":"\u001b[1;38;5;39mCOMET INFO:\u001b[0m ---------------------------------------------------------------------------------------\n","stderr":true},"type":"standard_output"}
{"payload":{"local_timestamp":1747318956685,"message_id":32,"output":"\u001b[1;38;5;39mCOMET INFO:\u001b[0m   Data:\n","stderr":true},"type":"standard_output"}
{"payload":{"local_timestamp":1747318956685,"message_id":33,"output":"\u001b[1;38;5;39mCOMET INFO:\u001b[0m     display_summary_level : 1\n","stderr":true},"type":"standard_output"}
{"payload":{"local_timestamp":1747318956686,"message_id":34,"output":"\u001b[1;38;5;39mCOMET INFO:\u001b[0m     name                  : exp\n","stderr":true},"type":"standard_output"}
{"payload":{"local_timestamp":1747318956686,"message_id":35,"output":"\u001b[1;38;5;39mCOMET INFO:\u001b[0m     url                   : [OfflineExperiment will get URL after upload]\n","stderr":true},"type":"standard_output"}
{"payload":{"local_timestamp":1747318956686,"message_id":36,"output":"\u001b[1;38;5;39mCOMET INFO:\u001b[0m   Others:\n","stderr":true},"type":"standard_output"}
{"payload":{"local_timestamp":1747318956687,"message_id":37,"output":"\u001b[1;38;5;39mCOMET INFO:\u001b[0m     Name               : exp\n","stderr":true},"type":"standard_output"}
{"payload":{"local_timestamp":1747318956687,"message_id":38,"output":"\u001b[1;38;5;39mCOMET INFO:\u001b[0m     offline_experiment : True\n","stderr":true},"type":"standard_output"}
{"payload":{"local_timestamp":1747318956687,"message_id":39,"output":"\u001b[1;38;5;39mCOMET INFO:\u001b[0m   Uploads:\n","stderr":true},"type":"standard_output"}
{"payload":{"local_timestamp":1747318956688,"message_id":40,"output":"\u001b[1;38;5;39mCOMET INFO:\u001b[0m     asset               : 1 (374 bytes)\n","stderr":true},"type":"standard_output"}
{"payload":{"local_timestamp":1747318956688,"message_id":41,"output":"\u001b[1;38;5;39mCOMET INFO:\u001b[0m     environment details : 1\n","stderr":true},"type":"standard_output"}
{"payload":{"local_timestamp":1747318956689,"message_id":42,"output":"\u001b[1;38;5;39mCOMET INFO:\u001b[0m     git metadata        : 1\n","stderr":true},"type":"standard_output"}
{"payload":{"local_timestamp":1747318956690,"message_id":43,"output":"\u001b[1;38;5;39mCOMET INFO:\u001b[0m     installed packages  : 1\n","stderr":true},"type":"standard_output"}
{"payload":{"local_timestamp":1747318956690,"message_id":44,"output":"\u001b[1;38;5;39mCOMET INFO:\u001b[0m \n","stderr":true},"type":"standard_output"}
{"payload":{"local_timestamp":1747318956690,"message_id":45,"metric":{"epoch":null,"metricName":"process duration","metricValue":5,"step":null}},"type":"metric_msg"}
