{"payload":{"installed_packages":["annotated-types==0.7.0","anyio==4.9.0","asttokens==3.0.0","attrs==25.3.0","autocommand==2.2.2","backports.tarfile==1.2.0","blinker==1.9.0","certifi==2025.4.26","charset-normalizer==3.4.2","click==8.2.0","colorama==0.4.6","comet_ml==3.49.10","comm==0.2.2","configobj==5.0.9","contourpy==1.3.2","cycler==0.12.1","debugpy==1.8.14","decorator==5.2.1","distro==1.9.0","dulwich==0.22.8","everett==3.1.0","executing==2.2.0","filelock==3.18.0","flask==3.1.1","flask-cors==5.0.1","fonttools==4.58.0","fsspec==2025.3.2","gitdb==4.0.12","gitpython==3.1.44","h11==0.16.0","httpcore==1.0.9","httpx==0.28.1","idna==3.10","importlib_metadata==8.0.0","inflect==7.3.1","ipykernel==6.29.5","ipython==9.2.0","ipython_pygments_lexers==1.1.1","itsdangerous==2.2.0","jaraco.collections==5.1.0","jaraco.context==5.3.0","jaraco.functools==4.0.1","jaraco.text==3.12.1","jedi==0.19.2","jinja2==3.1.6","jiter==0.9.0","jsonschema==4.23.0","jsonschema-specifications==2025.4.1","jupyter_client==8.6.3","jupyter_core==5.7.2","kagglehub==0.3.12","kiwisolver==1.4.8","markdown-it-py==3.0.0","markupsafe==3.0.2","matplotlib==3.10.3","matplotlib-inline==0.1.7","mdurl==0.1.2","more-itertools==10.3.0","mpmath==1.3.0","nest-asyncio==1.6.0","networkx==3.4.2","numpy==2.2.5","openai==1.78.1","opencv-python==4.11.0.86","packaging==24.2","packaging==25.0","pandas==2.2.3","parso==0.8.4","pillow==11.2.1","pip==25.0.1","platformdirs==4.2.2","platformdirs==4.3.8","prompt_toolkit==3.0.51","psutil==7.0.0","pure_eval==0.2.3","py-cpuinfo==9.0.0","pydantic==2.11.4","pydantic_core==2.33.2","pygments==2.19.1","pyparsing==3.2.3","python-box==6.1.0","python-dateutil==2.9.0.post0","pytz==2025.2","pywin32==310","pyyaml==6.0.2","pyzmq==26.4.0","referencing==0.36.2","requests==2.32.3","requests-toolbelt==1.0.0","rich==14.0.0","rpds-py==0.24.0","scipy==1.15.3","seaborn==0.13.2","segment-anything==1.0","semantic-version==2.10.0","sentry-sdk==2.28.0","setuptools==80.4.0","simplejson==3.20.1","six==1.17.0","smmap==5.0.2","sniffio==1.3.1","stack-data==0.6.3","sympy==1.14.0","thop==0.1.1-2209072238","tomli==2.0.1","torch==2.7.0","torchvision==0.22.0","tornado==6.4.2","tqdm==4.67.1","traitlets==5.14.3","typeguard==4.3.0","typing-inspection==0.4.0","typing_extensions==4.12.2","typing_extensions==4.13.2","tzdata==2025.2","ultralytics==8.3.134","ultralytics-thop==2.0.14","urllib3==2.4.0","wcwidth==0.2.13","werkzeug==3.1.3","wheel==0.45.1","wrapt==1.17.2","wurlitzer==3.1.1","zipp==3.19.2"],"message_id":1},"type":"installed_packages"}
{"payload":{"command":["train.py","--img","640","--batch","16","--epochs","50","--data","data.yaml","--weights","yolov5s.pt"],"env":null,"hostname":"Dell-Dude","ip":"192.168.1.3","machine":"AMD64","message_id":2,"os":"Windows-11-10.0.26100-SP0","os_release":"11","os_type":"Windows","pid":17092,"processor":"Intel64 Family 6 Model 142 Stepping 12, GenuineIntel","python_exe":"C:\\Python313\\python.exe","python_version":"3.13.3","python_version_verbose":"3.13.3 (tags/v3.13.3:6280bb5, Apr  8 2025, 14:47:33) [MSC v.1943 64 bit (AMD64)]","user":"USER"},"type":"system_details"}
{"payload":{"local_timestamp":1747304988092,"message_id":3,"param":{"paramName":"img","paramValue":640,"source":"cli","step":null}},"type":"parameter_msg"}
{"payload":{"local_timestamp":1747304988092,"message_id":4,"param":{"paramName":"batch","paramValue":16,"source":"cli","step":null}},"type":"parameter_msg"}
{"payload":{"local_timestamp":1747304988092,"message_id":5,"param":{"paramName":"epochs","paramValue":50,"source":"cli","step":null}},"type":"parameter_msg"}
{"payload":{"local_timestamp":1747304988093,"message_id":6,"param":{"paramName":"data","paramValue":"data.yaml","source":"cli","step":null}},"type":"parameter_msg"}
{"payload":{"local_timestamp":1747304988093,"message_id":7,"param":{"paramName":"weights","paramValue":"yolov5s.pt","source":"cli","step":null}},"type":"parameter_msg"}
{"payload":{"local_timestamp":1747304988093,"message_id":8,"metric":{"epoch":null,"metricName":"sys.cpu.percent.avg","metricValue":0.0,"step":null}},"type":"metric_msg"}
{"payload":{"local_timestamp":1747304988094,"message_id":9,"metric":{"epoch":null,"metricName":"sys.ram.total","metricValue":34161336320,"step":null}},"type":"metric_msg"}
{"payload":{"local_timestamp":1747304988094,"message_id":10,"metric":{"epoch":null,"metricName":"sys.ram.used","metricValue":17955094528,"step":null}},"type":"metric_msg"}
{"payload":{"local_timestamp":1747304988094,"message_id":11,"metric":{"epoch":null,"metricName":"sys.ram.available","metricValue":16206241792,"step":null}},"type":"metric_msg"}
{"payload":{"local_timestamp":1747304988094,"message_id":12,"metric":{"epoch":null,"metricName":"sys.ram.percent.used","metricValue":52.6,"step":null}},"type":"metric_msg"}
{"payload":{"local_timestamp":1747304988094,"message_id":13,"metric":{"epoch":null,"metricName":"sys.load.avg","metricValue":0.0,"step":null}},"type":"metric_msg"}
{"payload":{"key":"offline_experiment","message_id":14,"value":true},"type":"log_other"}
{"payload":{"key":"Name","message_id":15,"value":"exp"},"type":"log_other"}
{"payload":{"additional_params":{"assetId":"56868297e7de43009f7c3ee372cae3b2","context":null,"extension":"yaml","fileName":"data.yaml","overwrite":false,"runId":null,"step":null},"clean":true,"file_path":"tmp5erxf_vw","local_timestamp":1747304988126,"message_id":16,"metadata":{"type":"data-config-file"},"upload_type":"asset"},"type":"file_upload"}
{"payload":{"key":"Created from","message_id":17,"value":"YOLOv5"},"type":"log_other"}
{"payload":{"key":"hasNestedParams","message_id":18,"value":true},"type":"log_other"}
{"payload":{"local_timestamp":1747304988142,"message_id":19,"param":{"paramName":"artifact_alias","paramValue":"latest","source":"manual","step":null}},"type":"parameter_msg"}
{"payload":{"local_timestamp":1747304988142,"message_id":20,"param":{"paramName":"batch_size","paramValue":16,"source":"manual","step":null}},"type":"parameter_msg"}
{"payload":{"local_timestamp":1747304988142,"message_id":21,"param":{"paramName":"bbox_interval","paramValue":-1,"source":"manual","step":null}},"type":"parameter_msg"}
{"payload":{"local_timestamp":1747304988142,"message_id":22,"param":{"paramName":"bucket","paramValue":"","source":"manual","step":null}},"type":"parameter_msg"}
{"payload":{"local_timestamp":1747304988142,"message_id":23,"param":{"paramName":"cache","paramValue":null,"source":"manual","step":null}},"type":"parameter_msg"}
{"payload":{"local_timestamp":1747304988142,"message_id":24,"param":{"paramName":"cfg","paramValue":"","source":"manual","step":null}},"type":"parameter_msg"}
{"payload":{"local_timestamp":1747304988142,"message_id":25,"param":{"paramName":"cos_lr","paramValue":false,"source":"manual","step":null}},"type":"parameter_msg"}
{"payload":{"local_timestamp":1747304988143,"message_id":26,"param":{"paramName":"device","paramValue":"","source":"manual","step":null}},"type":"parameter_msg"}
{"payload":{"local_timestamp":1747304988143,"message_id":27,"param":{"paramName":"entity","paramValue":null,"source":"manual","step":null}},"type":"parameter_msg"}
{"payload":{"local_timestamp":1747304988143,"message_id":28,"param":{"paramName":"evolve","paramValue":null,"source":"manual","step":null}},"type":"parameter_msg"}
{"payload":{"local_timestamp":1747304988143,"message_id":29,"param":{"paramName":"evolve_population","paramValue":"data\\hyps","source":"manual","step":null}},"type":"parameter_msg"}
{"payload":{"local_timestamp":1747304988143,"message_id":30,"param":{"paramName":"exist_ok","paramValue":false,"source":"manual","step":null}},"type":"parameter_msg"}
{"payload":{"local_timestamp":1747304988143,"message_id":31,"params":{"paramName":"freeze","paramValue":[0],"source":"manual","step":null}},"type":"parameter_msg"}
{"payload":{"local_timestamp":1747304988144,"message_id":32,"param":{"paramName":"hyp|anchor_t","paramValue":4.0,"source":"manual","step":null}},"type":"parameter_msg"}
{"payload":{"local_timestamp":1747304988144,"message_id":33,"param":{"paramName":"hyp|box","paramValue":0.05,"source":"manual","step":null}},"type":"parameter_msg"}
{"payload":{"local_timestamp":1747304988144,"message_id":34,"param":{"paramName":"hyp|cls","paramValue":0.5,"source":"manual","step":null}},"type":"parameter_msg"}
{"payload":{"local_timestamp":1747304988144,"message_id":35,"param":{"paramName":"hyp|cls_pw","paramValue":1.0,"source":"manual","step":null}},"type":"parameter_msg"}
{"payload":{"local_timestamp":1747304988144,"message_id":36,"param":{"paramName":"hyp|copy_paste","paramValue":0.0,"source":"manual","step":null}},"type":"parameter_msg"}
{"payload":{"local_timestamp":1747304988144,"message_id":37,"param":{"paramName":"hyp|degrees","paramValue":0.0,"source":"manual","step":null}},"type":"parameter_msg"}
{"payload":{"local_timestamp":1747304988144,"message_id":38,"param":{"paramName":"hyp|fl_gamma","paramValue":0.0,"source":"manual","step":null}},"type":"parameter_msg"}
{"payload":{"local_timestamp":1747304988144,"message_id":39,"param":{"paramName":"hyp|fliplr","paramValue":0.5,"source":"manual","step":null}},"type":"parameter_msg"}
{"payload":{"local_timestamp":1747304988144,"message_id":40,"param":{"paramName":"hyp|flipud","paramValue":0.0,"source":"manual","step":null}},"type":"parameter_msg"}
{"payload":{"local_timestamp":1747304988144,"message_id":41,"param":{"paramName":"hyp|hsv_h","paramValue":0.015,"source":"manual","step":null}},"type":"parameter_msg"}
{"payload":{"local_timestamp":1747304988144,"message_id":42,"param":{"paramName":"hyp|hsv_s","paramValue":0.7,"source":"manual","step":null}},"type":"parameter_msg"}
{"payload":{"local_timestamp":1747304988144,"message_id":43,"param":{"paramName":"hyp|hsv_v","paramValue":0.4,"source":"manual","step":null}},"type":"parameter_msg"}
{"payload":{"local_timestamp":1747304988144,"message_id":44,"param":{"paramName":"hyp|iou_t","paramValue":0.2,"source":"manual","step":null}},"type":"parameter_msg"}
{"payload":{"local_timestamp":1747304988144,"message_id":45,"param":{"paramName":"hyp|lr0","paramValue":0.01,"source":"manual","step":null}},"type":"parameter_msg"}
{"payload":{"local_timestamp":1747304988144,"message_id":46,"param":{"paramName":"hyp|lrf","paramValue":0.01,"source":"manual","step":null}},"type":"parameter_msg"}
{"payload":{"local_timestamp":1747304988144,"message_id":47,"param":{"paramName":"hyp|mixup","paramValue":0.0,"source":"manual","step":null}},"type":"parameter_msg"}
{"payload":{"local_timestamp":1747304988145,"message_id":48,"param":{"paramName":"hyp|momentum","paramValue":0.937,"source":"manual","step":null}},"type":"parameter_msg"}
{"payload":{"local_timestamp":1747304988145,"message_id":49,"param":{"paramName":"hyp|mosaic","paramValue":1.0,"source":"manual","step":null}},"type":"parameter_msg"}
{"payload":{"local_timestamp":1747304988145,"message_id":50,"param":{"paramName":"hyp|obj","paramValue":1.0,"source":"manual","step":null}},"type":"parameter_msg"}
{"payload":{"local_timestamp":1747304988145,"message_id":51,"param":{"paramName":"hyp|obj_pw","paramValue":1.0,"source":"manual","step":null}},"type":"parameter_msg"}
{"payload":{"local_timestamp":1747304988145,"message_id":52,"param":{"paramName":"hyp|perspective","paramValue":0.0,"source":"manual","step":null}},"type":"parameter_msg"}
{"payload":{"local_timestamp":1747304988145,"message_id":53,"param":{"paramName":"hyp|scale","paramValue":0.5,"source":"manual","step":null}},"type":"parameter_msg"}
{"payload":{"local_timestamp":1747304988145,"message_id":54,"param":{"paramName":"hyp|shear","paramValue":0.0,"source":"manual","step":null}},"type":"parameter_msg"}
{"payload":{"local_timestamp":1747304988145,"message_id":55,"param":{"paramName":"hyp|translate","paramValue":0.1,"source":"manual","step":null}},"type":"parameter_msg"}
{"payload":{"local_timestamp":1747304988145,"message_id":56,"param":{"paramName":"hyp|warmup_bias_lr","paramValue":0.1,"source":"manual","step":null}},"type":"parameter_msg"}
{"payload":{"local_timestamp":1747304988145,"message_id":57,"param":{"paramName":"hyp|warmup_epochs","paramValue":3.0,"source":"manual","step":null}},"type":"parameter_msg"}
{"payload":{"local_timestamp":1747304988145,"message_id":58,"param":{"paramName":"hyp|warmup_momentum","paramValue":0.8,"source":"manual","step":null}},"type":"parameter_msg"}
{"payload":{"local_timestamp":1747304988145,"message_id":59,"param":{"paramName":"hyp|weight_decay","paramValue":0.0005,"source":"manual","step":null}},"type":"parameter_msg"}
{"payload":{"local_timestamp":1747304988145,"message_id":60,"param":{"paramName":"image_weights","paramValue":false,"source":"manual","step":null}},"type":"parameter_msg"}
{"payload":{"local_timestamp":1747304988145,"message_id":61,"param":{"paramName":"imgsz","paramValue":640,"source":"manual","step":null}},"type":"parameter_msg"}
{"payload":{"local_timestamp":1747304988145,"message_id":62,"param":{"paramName":"label_smoothing","paramValue":0.0,"source":"manual","step":null}},"type":"parameter_msg"}
{"payload":{"local_timestamp":1747304988145,"message_id":63,"param":{"paramName":"local_rank","paramValue":-1,"source":"manual","step":null}},"type":"parameter_msg"}
{"payload":{"local_timestamp":1747304988146,"message_id":64,"param":{"paramName":"multi_scale","paramValue":false,"source":"manual","step":null}},"type":"parameter_msg"}
{"payload":{"local_timestamp":1747304988146,"message_id":65,"param":{"paramName":"name","paramValue":"exp","source":"manual","step":null}},"type":"parameter_msg"}
{"payload":{"local_timestamp":1747304988146,"message_id":66,"param":{"paramName":"ndjson_console","paramValue":false,"source":"manual","step":null}},"type":"parameter_msg"}
{"payload":{"local_timestamp":1747304988146,"message_id":67,"param":{"paramName":"ndjson_file","paramValue":false,"source":"manual","step":null}},"type":"parameter_msg"}
{"payload":{"local_timestamp":1747304988146,"message_id":68,"param":{"paramName":"noautoanchor","paramValue":false,"source":"manual","step":null}},"type":"parameter_msg"}
{"payload":{"local_timestamp":1747304988146,"message_id":69,"param":{"paramName":"noplots","paramValue":false,"source":"manual","step":null}},"type":"parameter_msg"}
{"payload":{"local_timestamp":1747304988146,"message_id":70,"param":{"paramName":"nosave","paramValue":false,"source":"manual","step":null}},"type":"parameter_msg"}
{"payload":{"local_timestamp":1747304988146,"message_id":71,"param":{"paramName":"noval","paramValue":false,"source":"manual","step":null}},"type":"parameter_msg"}
{"payload":{"local_timestamp":1747304988146,"message_id":72,"param":{"paramName":"optimizer","paramValue":"SGD","source":"manual","step":null}},"type":"parameter_msg"}
{"payload":{"local_timestamp":1747304988146,"message_id":73,"param":{"paramName":"patience","paramValue":100,"source":"manual","step":null}},"type":"parameter_msg"}
{"payload":{"local_timestamp":1747304988146,"message_id":74,"param":{"paramName":"project","paramValue":"runs\\train","source":"manual","step":null}},"type":"parameter_msg"}
{"payload":{"local_timestamp":1747304988146,"message_id":75,"param":{"paramName":"quad","paramValue":false,"source":"manual","step":null}},"type":"parameter_msg"}
{"payload":{"local_timestamp":1747304988146,"message_id":76,"param":{"paramName":"rect","paramValue":false,"source":"manual","step":null}},"type":"parameter_msg"}
{"payload":{"local_timestamp":1747304988146,"message_id":77,"param":{"paramName":"resume","paramValue":false,"source":"manual","step":null}},"type":"parameter_msg"}
{"payload":{"local_timestamp":1747304988146,"message_id":78,"param":{"paramName":"resume_evolve","paramValue":null,"source":"manual","step":null}},"type":"parameter_msg"}
{"payload":{"local_timestamp":1747304988146,"message_id":79,"param":{"paramName":"save_dir","paramValue":"runs\\train\\exp15","source":"manual","step":null}},"type":"parameter_msg"}
{"payload":{"local_timestamp":1747304988147,"message_id":80,"param":{"paramName":"save_period","paramValue":-1,"source":"manual","step":null}},"type":"parameter_msg"}
{"payload":{"local_timestamp":1747304988147,"message_id":81,"param":{"paramName":"seed","paramValue":0,"source":"manual","step":null}},"type":"parameter_msg"}
{"payload":{"local_timestamp":1747304988147,"message_id":82,"param":{"paramName":"single_cls","paramValue":false,"source":"manual","step":null}},"type":"parameter_msg"}
{"payload":{"local_timestamp":1747304988147,"message_id":83,"param":{"paramName":"sync_bn","paramValue":false,"source":"manual","step":null}},"type":"parameter_msg"}
{"payload":{"local_timestamp":1747304988147,"message_id":84,"param":{"paramName":"upload_dataset","paramValue":false,"source":"manual","step":null}},"type":"parameter_msg"}
{"payload":{"local_timestamp":1747304988147,"message_id":85,"param":{"paramName":"workers","paramValue":8,"source":"manual","step":null}},"type":"parameter_msg"}
{"payload":{"local_timestamp":1747304988147,"message_id":86,"param":{"paramName":"anchor_t","paramValue":4.0,"source":"manual","step":null}},"type":"parameter_msg"}
{"payload":{"local_timestamp":1747304988147,"message_id":87,"param":{"paramName":"box","paramValue":0.05,"source":"manual","step":null}},"type":"parameter_msg"}
{"payload":{"local_timestamp":1747304988147,"message_id":88,"param":{"paramName":"cls","paramValue":0.5,"source":"manual","step":null}},"type":"parameter_msg"}
{"payload":{"local_timestamp":1747304988147,"message_id":89,"param":{"paramName":"cls_pw","paramValue":1.0,"source":"manual","step":null}},"type":"parameter_msg"}
{"payload":{"local_timestamp":1747304988147,"message_id":90,"param":{"paramName":"copy_paste","paramValue":0.0,"source":"manual","step":null}},"type":"parameter_msg"}
{"payload":{"local_timestamp":1747304988147,"message_id":91,"param":{"paramName":"degrees","paramValue":0.0,"source":"manual","step":null}},"type":"parameter_msg"}
{"payload":{"local_timestamp":1747304988147,"message_id":92,"param":{"paramName":"fl_gamma","paramValue":0.0,"source":"manual","step":null}},"type":"parameter_msg"}
{"payload":{"local_timestamp":1747304988147,"message_id":93,"param":{"paramName":"fliplr","paramValue":0.5,"source":"manual","step":null}},"type":"parameter_msg"}
{"payload":{"local_timestamp":1747304988148,"message_id":94,"param":{"paramName":"flipud","paramValue":0.0,"source":"manual","step":null}},"type":"parameter_msg"}
{"payload":{"local_timestamp":1747304988148,"message_id":95,"param":{"paramName":"hsv_h","paramValue":0.015,"source":"manual","step":null}},"type":"parameter_msg"}
{"payload":{"local_timestamp":1747304988148,"message_id":96,"param":{"paramName":"hsv_s","paramValue":0.7,"source":"manual","step":null}},"type":"parameter_msg"}
{"payload":{"local_timestamp":1747304988148,"message_id":97,"param":{"paramName":"hsv_v","paramValue":0.4,"source":"manual","step":null}},"type":"parameter_msg"}
{"payload":{"local_timestamp":1747304988148,"message_id":98,"param":{"paramName":"iou_t","paramValue":0.2,"source":"manual","step":null}},"type":"parameter_msg"}
{"payload":{"local_timestamp":1747304988148,"message_id":99,"param":{"paramName":"lr0","paramValue":0.01,"source":"manual","step":null}},"type":"parameter_msg"}
{"payload":{"local_timestamp":1747304988148,"message_id":100,"param":{"paramName":"lrf","paramValue":0.01,"source":"manual","step":null}},"type":"parameter_msg"}
{"payload":{"local_timestamp":1747304988148,"message_id":101,"param":{"paramName":"mixup","paramValue":0.0,"source":"manual","step":null}},"type":"parameter_msg"}
{"payload":{"local_timestamp":1747304988148,"message_id":102,"param":{"paramName":"momentum","paramValue":0.937,"source":"manual","step":null}},"type":"parameter_msg"}
{"payload":{"local_timestamp":1747304988148,"message_id":103,"param":{"paramName":"mosaic","paramValue":1.0,"source":"manual","step":null}},"type":"parameter_msg"}
{"payload":{"local_timestamp":1747304988148,"message_id":104,"param":{"paramName":"obj","paramValue":1.0,"source":"manual","step":null}},"type":"parameter_msg"}
{"payload":{"local_timestamp":1747304988148,"message_id":105,"param":{"paramName":"obj_pw","paramValue":1.0,"source":"manual","step":null}},"type":"parameter_msg"}
{"payload":{"local_timestamp":1747304988148,"message_id":106,"param":{"paramName":"perspective","paramValue":0.0,"source":"manual","step":null}},"type":"parameter_msg"}
{"payload":{"local_timestamp":1747304988148,"message_id":107,"param":{"paramName":"scale","paramValue":0.5,"source":"manual","step":null}},"type":"parameter_msg"}
{"payload":{"local_timestamp":1747304988148,"message_id":108,"param":{"paramName":"shear","paramValue":0.0,"source":"manual","step":null}},"type":"parameter_msg"}
{"payload":{"local_timestamp":1747304988148,"message_id":109,"param":{"paramName":"translate","paramValue":0.1,"source":"manual","step":null}},"type":"parameter_msg"}
{"payload":{"local_timestamp":1747304988148,"message_id":110,"param":{"paramName":"warmup_bias_lr","paramValue":0.1,"source":"manual","step":null}},"type":"parameter_msg"}
{"payload":{"local_timestamp":1747304988149,"message_id":111,"param":{"paramName":"warmup_epochs","paramValue":3.0,"source":"manual","step":null}},"type":"parameter_msg"}
{"payload":{"local_timestamp":1747304988149,"message_id":112,"param":{"paramName":"warmup_momentum","paramValue":0.8,"source":"manual","step":null}},"type":"parameter_msg"}
{"payload":{"local_timestamp":1747304988149,"message_id":113,"param":{"paramName":"weight_decay","paramValue":0.0005,"source":"manual","step":null}},"type":"parameter_msg"}
{"payload":{"additional_params":{"assetId":"96fa7f9e9acf431e95144915e17ed55c","context":null,"epoch":null,"extension":"json","fileName":"hyperparameters.json","overwrite":false,"runId":null,"step":null},"clean":true,"file_path":"tmpeah9mo_5","local_timestamp":1747304988184,"message_id":114,"metadata":{"type":"hyp-config-file"},"upload_type":"asset"},"type":"file_upload"}
{"payload":{"additional_params":{"assetId":"f483b69a41e941c089541411a4a69dab","context":null,"extension":"yaml","fileName":"opt.yaml","overwrite":false,"runId":null,"step":null},"clean":true,"file_path":"tmptewr1v5f","local_timestamp":1747304988182,"message_id":115,"metadata":{"type":"opt-config-file"},"upload_type":"asset"},"type":"file_upload"}
{"payload":{"local_timestamp":1747304988182,"message_id":116,"param":{"paramName":"val_conf_threshold","paramValue":0.001,"source":"manual","step":null}},"type":"parameter_msg"}
{"payload":{"local_timestamp":1747304988182,"message_id":117,"param":{"paramName":"val_iou_threshold","paramValue":0.6,"source":"manual","step":null}},"type":"parameter_msg"}
{"payload":{"key":"comet_mode","message_id":118,"value":"online"},"type":"log_other"}
{"payload":{"key":"comet_max_image_uploads","message_id":119,"value":100},"type":"log_other"}
{"payload":{"key":"comet_log_per_class_metrics","message_id":120,"value":false},"type":"log_other"}
{"payload":{"key":"comet_log_batch_metrics","message_id":121,"value":false},"type":"log_other"}
{"payload":{"key":"comet_log_confusion_matrix","message_id":122,"value":true},"type":"log_other"}
{"payload":{"key":"comet_model_name","message_id":123,"value":"yolov5"},"type":"log_other"}
{"payload":{"local_timestamp":1747304988417,"message_id":124,"output":"Overriding model.yaml nc=80 with nc=3\n","stderr":true},"type":"standard_output"}
{"payload":{"local_timestamp":1747304988418,"message_id":125,"output":"\n                 from  n    params  module                                  arguments                     \n","stderr":true},"type":"standard_output"}
{"payload":{"local_timestamp":1747304988422,"message_id":126,"output":"  0                -1  1      3520  models.common.Conv                      [3, 32, 6, 2, 2]              \n","stderr":true},"type":"standard_output"}
{"payload":{"local_timestamp":1747304988426,"message_id":127,"output":"  1                -1  1     18560  models.common.Conv                      [32, 64, 3, 2]                \n","stderr":true},"type":"standard_output"}
{"payload":{"local_timestamp":1747304988439,"message_id":128,"output":"  2                -1  1     18816  models.common.C3                        [64, 64, 1]                   \n","stderr":true},"type":"standard_output"}
{"payload":{"local_timestamp":1747304988449,"message_id":129,"output":"  3                -1  1     73984  models.common.Conv                      [64, 128, 3, 2]               \n","stderr":true},"type":"standard_output"}
{"payload":{"local_timestamp":1747304988469,"message_id":130,"output":"  4                -1  2    115712  models.common.C3                        [128, 128, 2]                 \n","stderr":true},"type":"standard_output"}
{"payload":{"local_timestamp":1747304988482,"message_id":131,"output":"  5                -1  1    295424  models.common.Conv                      [128, 256, 3, 2]              \n","stderr":true},"type":"standard_output"}
{"payload":{"local_timestamp":1747304988523,"message_id":132,"output":"  6                -1  3    625152  models.common.C3                        [256, 256, 3]                 \n","stderr":true},"type":"standard_output"}
{"payload":{"local_timestamp":1747304988548,"message_id":133,"output":"  7                -1  1   1180672  models.common.Conv                      [256, 512, 3, 2]              \n","stderr":true},"type":"standard_output"}
{"payload":{"local_timestamp":1747304988587,"message_id":134,"output":"  8                -1  1   1182720  models.common.C3                        [512, 512, 1]                 \n","stderr":true},"type":"standard_output"}
{"payload":{"local_timestamp":1747304988604,"message_id":135,"output":"  9                -1  1    656896  models.common.SPPF                      [512, 512, 5]                 \n","stderr":true},"type":"standard_output"}
{"payload":{"local_timestamp":1747304988612,"message_id":136,"output":" 10                -1  1    131584  models.common.Conv                      [512, 256, 1, 1]              \n","stderr":true},"type":"standard_output"}
{"payload":{"local_timestamp":1747304988614,"message_id":137,"output":" 11                -1  1         0  torch.nn.modules.upsampling.Upsample    [None, 2, 'nearest']          \n","stderr":true},"type":"standard_output"}
{"payload":{"local_timestamp":1747304988615,"message_id":138,"output":" 12           [-1, 6]  1         0  models.common.Concat                    [1]                           \n","stderr":true},"type":"standard_output"}
{"payload":{"local_timestamp":1747304988637,"message_id":139,"output":" 13                -1  1    361984  models.common.C3                        [512, 256, 1, False]          \n","stderr":true},"type":"standard_output"}
{"payload":{"local_timestamp":1747304988641,"message_id":140,"output":" 14                -1  1     33024  models.common.Conv                      [256, 128, 1, 1]              \n","stderr":true},"type":"standard_output"}
{"payload":{"local_timestamp":1747304988642,"message_id":141,"output":" 15                -1  1         0  torch.nn.modules.upsampling.Upsample    [None, 2, 'nearest']          \n","stderr":true},"type":"standard_output"}
{"payload":{"local_timestamp":1747304988644,"message_id":142,"output":" 16           [-1, 4]  1         0  models.common.Concat                    [1]                           \n","stderr":true},"type":"standard_output"}
{"payload":{"local_timestamp":1747304988657,"message_id":143,"output":" 17                -1  1     90880  models.common.C3                        [256, 128, 1, False]          \n","stderr":true},"type":"standard_output"}
{"payload":{"local_timestamp":1747304988664,"message_id":144,"output":" 18                -1  1    147712  models.common.Conv                      [128, 128, 3, 2]              \n","stderr":true},"type":"standard_output"}
{"payload":{"local_timestamp":1747304988665,"message_id":145,"output":" 19          [-1, 14]  1         0  models.common.Concat                    [1]                           \n","stderr":true},"type":"standard_output"}
{"payload":{"local_timestamp":1747304988685,"message_id":146,"output":" 20                -1  1    296448  models.common.C3                        [256, 256, 1, False]          \n","stderr":true},"type":"standard_output"}
{"payload":{"local_timestamp":1747304988700,"message_id":147,"output":" 21                -1  1    590336  models.common.Conv                      [256, 256, 3, 2]              \n","stderr":true},"type":"standard_output"}
{"payload":{"local_timestamp":1747304988701,"message_id":148,"output":" 22          [-1, 10]  1         0  models.common.Concat                    [1]                           \n","stderr":true},"type":"standard_output"}
{"payload":{"local_timestamp":1747304988743,"message_id":149,"output":" 23                -1  1   1182720  models.common.C3                        [512, 512, 1, False]          \n","stderr":true},"type":"standard_output"}
{"payload":{"local_timestamp":1747304988751,"message_id":150,"output":" 24      [17, 20, 23]  1     21576  models.yolo.Detect                      [3, [[10, 13, 16, 30, 33, 23], [30, 61, 62, 45, 59, 119], [116, 90, 156, 198, 373, 326]], [128, 256, 512]]\n","stderr":true},"type":"standard_output"}
{"payload":{"git_metadata":{"branch":"refs/heads/master","origin":"https://github.com/ultralytics/yolov5","parent":"a493afe1486639b6f542c69716d131bd103ceeef","repo_name":"yolov5","root":"1e84a23f38fad9e52b59101e9f1246d93066ed1e","status":null,"user":null},"message_id":151},"type":"git_metadata"}
{"payload":{"local_timestamp":1747304989584,"message_id":152,"output":"Model summary: 214 layers, 7027720 parameters, 7027720 gradients, 16.0 GFLOPs\n","stderr":true},"type":"standard_output"}
{"payload":{"local_timestamp":1747304989585,"message_id":153,"output":"\n","stderr":true},"type":"standard_output"}
{"payload":{"local_timestamp":1747304989675,"message_id":154,"output":"Transferred 343/349 items from yolov5s.pt\n","stderr":true},"type":"standard_output"}
{"payload":{"local_timestamp":1747304989680,"message_id":155,"output":"\u001b[34m\u001b[1moptimizer:\u001b[0m SGD(lr=0.01) with parameter groups 57 weight(decay=0.0), 60 weight(decay=0.0005), 60 bias\n","stderr":true},"type":"standard_output"}
{"payload":{"local_timestamp":1747304991149,"message_id":156,"output":"\r\u001b[34m\u001b[1mtrain: \u001b[0mScanning C:\\Users\\USER\\Desktop\\vit_project\\yolov5\\labels\\train...:\u001b[0m","stderr":true},"type":"standard_output"}
{"payload":{"local_timestamp":1747305018663,"message_id":157,"metric":{"epoch":null,"metricName":"sys.cpu.percent.avg","metricValue":98.175,"step":null}},"type":"metric_msg"}
{"payload":{"local_timestamp":1747305018663,"message_id":158,"metric":{"epoch":null,"metricName":"sys.ram.total","metricValue":34161336320,"step":null}},"type":"metric_msg"}
{"payload":{"local_timestamp":1747305018663,"message_id":159,"metric":{"epoch":null,"metricName":"sys.ram.used","metricValue":19651747840,"step":null}},"type":"metric_msg"}
{"payload":{"local_timestamp":1747305018663,"message_id":160,"metric":{"epoch":null,"metricName":"sys.ram.available","metricValue":14509588480,"step":null}},"type":"metric_msg"}
{"payload":{"local_timestamp":1747305018663,"message_id":161,"metric":{"epoch":null,"metricName":"sys.ram.percent.used","metricValue":57.5,"step":null}},"type":"metric_msg"}
{"payload":{"local_timestamp":1747305018663,"message_id":162,"metric":{"epoch":null,"metricName":"sys.load.avg","metricValue":13.63,"step":null}},"type":"metric_msg"}
{"payload":{"local_timestamp":1747305018783,"message_id":163,"metric":{"epoch":null,"metricName":"sys.network.send_bps","metricValue":7128,"step":null}},"type":"metric_msg"}
{"payload":{"local_timestamp":1747305018783,"message_id":164,"metric":{"epoch":null,"metricName":"sys.network.receive_bps","metricValue":2594,"step":null}},"type":"metric_msg"}
{"payload":{"local_timestamp":1747305018884,"message_id":165,"metric":{"epoch":null,"metricName":"sys.disk.read_bps","metricValue":645675.1865568197,"step":null}},"type":"metric_msg"}
{"payload":{"local_timestamp":1747305018884,"message_id":166,"metric":{"epoch":null,"metricName":"sys.disk.write_bps","metricValue":71246.68612815706,"step":null}},"type":"metric_msg"}
{"payload":{"local_timestamp":1747305031976,"message_id":167,"output":"\r\u001b[34m\u001b[1mtrain: \u001b[0mScanning C:\\Users\\USER\\Desktop\\vit_project\\yolov5\\labels\\train... \u001b[0m","stderr":true},"type":"standard_output"}
{"payload":{"local_timestamp":1747305032079,"message_id":168,"output":"\r\u001b[34m\u001b[1mtrain: \u001b[0mScanning C:\\Users\\USER\\Desktop\\vit_project\\yolov5\\labels\\train... \u001b[0m","stderr":true},"type":"standard_output"}
{"payload":{"local_timestamp":1747305032196,"message_id":169,"output":"\r\u001b[34m\u001b[1mtrain: \u001b[0mScanning C:\\Users\\USER\\Desktop\\vit_project\\yolov5\\labels\\train... \u001b[0m","stderr":true},"type":"standard_output"}
{"payload":{"local_timestamp":1747305032316,"message_id":170,"output":"\r\u001b[34m\u001b[1mtrain: \u001b[0mScanning C:\\Users\\USER\\Desktop\\vit_project\\yolov5\\labels\\train... \u001b[0m","stderr":true},"type":"standard_output"}
{"payload":{"local_timestamp":1747305032466,"message_id":171,"output":"\r\u001b[34m\u001b[1mtrain: \u001b[0mScanning C:\\Users\\USER\\Desktop\\vit_project\\yolov5\\labels\\train... \u001b[0m","stderr":true},"type":"standard_output"}
{"payload":{"local_timestamp":1747305032565,"message_id":172,"output":"\r\u001b[34m\u001b[1mtrain: \u001b[0mScanning C:\\Users\\USER\\Desktop\\vit_project\\yolov5\\labels\\train... \u001b[0m","stderr":true},"type":"standard_output"}
{"payload":{"local_timestamp":1747305032693,"message_id":173,"output":"\r\u001b[34m\u001b[1mtrain: \u001b[0mScanning C:\\Users\\USER\\Desktop\\vit_project\\yolov5\\labels\\train... \u001b[0m","stderr":true},"type":"standard_output"}
{"payload":{"local_timestamp":1747305032777,"message_id":174,"output":"\r\u001b[34m\u001b[1mtrain: \u001b[0mScanning C:\\Users\\USER\\Desktop\\vit_project\\yolov5\\labels\\train... \u001b[0m","stderr":true},"type":"standard_output"}
{"payload":{"local_timestamp":1747305032882,"message_id":175,"output":"\r\u001b[34m\u001b[1mtrain: \u001b[0mScanning C:\\Users\\USER\\Desktop\\vit_project\\yolov5\\labels\\train... \u001b[0m","stderr":true},"type":"standard_output"}
{"payload":{"local_timestamp":1747305032981,"message_id":176,"output":"\r\u001b[34m\u001b[1mtrain: \u001b[0mScanning C:\\Users\\USER\\Desktop\\vit_project\\yolov5\\labels\\train... \u001b[0m","stderr":true},"type":"standard_output"}
{"payload":{"local_timestamp":1747305033097,"message_id":177,"output":"\r\u001b[34m\u001b[1mtrain: \u001b[0mScanning C:\\Users\\USER\\Desktop\\vit_project\\yolov5\\labels\\train... \u001b[0m","stderr":true},"type":"standard_output"}
{"payload":{"local_timestamp":1747305033218,"message_id":178,"output":"\r\u001b[34m\u001b[1mtrain: \u001b[0mScanning C:\\Users\\USER\\Desktop\\vit_project\\yolov5\\labels\\train... \u001b[0m","stderr":true},"type":"standard_output"}
{"payload":{"local_timestamp":1747305033323,"message_id":179,"output":"\r\u001b[34m\u001b[1mtrain: \u001b[0mScanning C:\\Users\\USER\\Desktop\\vit_project\\yolov5\\labels\\train... \u001b[0m","stderr":true},"type":"standard_output"}
{"payload":{"local_timestamp":1747305033430,"message_id":180,"output":"\r\u001b[34m\u001b[1mtrain: \u001b[0mScanning C:\\Users\\USER\\Desktop\\vit_project\\yolov5\\labels\\train... \u001b[0m","stderr":true},"type":"standard_output"}
{"payload":{"local_timestamp":1747305033539,"message_id":181,"output":"\r\u001b[34m\u001b[1mtrain: \u001b[0mScanning C:\\Users\\USER\\Desktop\\vit_project\\yolov5\\labels\\train... \u001b[0m","stderr":true},"type":"standard_output"}
{"payload":{"local_timestamp":1747305033662,"message_id":182,"output":"\r\u001b[34m\u001b[1mtrain: \u001b[0mScanning C:\\Users\\USER\\Desktop\\vit_project\\yolov5\\labels\\train... \u001b[0m","stderr":true},"type":"standard_output"}
{"payload":{"local_timestamp":1747305033774,"message_id":183,"output":"\r\u001b[34m\u001b[1mtrain: \u001b[0mScanning C:\\Users\\USER\\Desktop\\vit_project\\yolov5\\labels\\train... \u001b[0m","stderr":true},"type":"standard_output"}
{"payload":{"local_timestamp":1747305033878,"message_id":184,"output":"\r\u001b[34m\u001b[1mtrain: \u001b[0mScanning C:\\Users\\USER\\Desktop\\vit_project\\yolov5\\labels\\train... \u001b[0m","stderr":true},"type":"standard_output"}
{"payload":{"local_timestamp":1747305033992,"message_id":185,"output":"\r\u001b[34m\u001b[1mtrain: \u001b[0mScanning C:\\Users\\USER\\Desktop\\vit_project\\yolov5\\labels\\train... \u001b[0m","stderr":true},"type":"standard_output"}
{"payload":{"local_timestamp":1747305034129,"message_id":186,"output":"\r\u001b[34m\u001b[1mtrain: \u001b[0mScanning C:\\Users\\USER\\Desktop\\vit_project\\yolov5\\labels\\train... \u001b[0m","stderr":true},"type":"standard_output"}
{"payload":{"local_timestamp":1747305034248,"message_id":187,"output":"\r\u001b[34m\u001b[1mtrain: \u001b[0mScanning C:\\Users\\USER\\Desktop\\vit_project\\yolov5\\labels\\train... \u001b[0m","stderr":true},"type":"standard_output"}
{"payload":{"local_timestamp":1747305034350,"message_id":188,"output":"\r\u001b[34m\u001b[1mtrain: \u001b[0mScanning C:\\Users\\USER\\Desktop\\vit_project\\yolov5\\labels\\train... \u001b[0m","stderr":true},"type":"standard_output"}
{"payload":{"local_timestamp":1747305034473,"message_id":189,"output":"\r\u001b[34m\u001b[1mtrain: \u001b[0mScanning C:\\Users\\USER\\Desktop\\vit_project\\yolov5\\labels\\train... \u001b[0m","stderr":true},"type":"standard_output"}
{"payload":{"local_timestamp":1747305034587,"message_id":190,"output":"\r\u001b[34m\u001b[1mtrain: \u001b[0mScanning C:\\Users\\USER\\Desktop\\vit_project\\yolov5\\labels\\train... \u001b[0m","stderr":true},"type":"standard_output"}
{"payload":{"local_timestamp":1747305034691,"message_id":191,"output":"\r\u001b[34m\u001b[1mtrain: \u001b[0mScanning C:\\Users\\USER\\Desktop\\vit_project\\yolov5\\labels\\train... \u001b[0m","stderr":true},"type":"standard_output"}
{"payload":{"local_timestamp":1747305034810,"message_id":192,"output":"\r\u001b[34m\u001b[1mtrain: \u001b[0mScanning C:\\Users\\USER\\Desktop\\vit_project\\yolov5\\labels\\train... \u001b[0m","stderr":true},"type":"standard_output"}
{"payload":{"local_timestamp":1747305034911,"message_id":193,"output":"\r\u001b[34m\u001b[1mtrain: \u001b[0mScanning C:\\Users\\USER\\Desktop\\vit_project\\yolov5\\labels\\train... \u001b[0m","stderr":true},"type":"standard_output"}
{"payload":{"local_timestamp":1747305035019,"message_id":194,"output":"\r\u001b[34m\u001b[1mtrain: \u001b[0mScanning C:\\Users\\USER\\Desktop\\vit_project\\yolov5\\labels\\train... \u001b[0m","stderr":true},"type":"standard_output"}
{"payload":{"local_timestamp":1747305035135,"message_id":195,"output":"\r\u001b[34m\u001b[1mtrain: \u001b[0mScanning C:\\Users\\USER\\Desktop\\vit_project\\yolov5\\labels\\train... \u001b[0m","stderr":true},"type":"standard_output"}
{"payload":{"local_timestamp":1747305035231,"message_id":196,"output":"\r\u001b[34m\u001b[1mtrain: \u001b[0mScanning C:\\Users\\USER\\Desktop\\vit_project\\yolov5\\labels\\train... \u001b[0m","stderr":true},"type":"standard_output"}
{"payload":{"local_timestamp":1747305035379,"message_id":197,"output":"\r\u001b[34m\u001b[1mtrain: \u001b[0mScanning C:\\Users\\USER\\Desktop\\vit_project\\yolov5\\labels\\train... \u001b[0m","stderr":true},"type":"standard_output"}
{"payload":{"local_timestamp":1747305035492,"message_id":198,"output":"\r\u001b[34m\u001b[1mtrain: \u001b[0mScanning C:\\Users\\USER\\Desktop\\vit_project\\yolov5\\labels\\train... \u001b[0m","stderr":true},"type":"standard_output"}
{"payload":{"local_timestamp":1747305035602,"message_id":199,"output":"\r\u001b[34m\u001b[1mtrain: \u001b[0mScanning C:\\Users\\USER\\Desktop\\vit_project\\yolov5\\labels\\train... \u001b[0m","stderr":true},"type":"standard_output"}
{"payload":{"local_timestamp":1747305035709,"message_id":200,"output":"\r\u001b[34m\u001b[1mtrain: \u001b[0mScanning C:\\Users\\USER\\Desktop\\vit_project\\yolov5\\labels\\train... \u001b[0m","stderr":true},"type":"standard_output"}
{"payload":{"local_timestamp":1747305035809,"message_id":201,"output":"\r\u001b[34m\u001b[1mtrain: \u001b[0mScanning C:\\Users\\USER\\Desktop\\vit_project\\yolov5\\labels\\train... \u001b[0m","stderr":true},"type":"standard_output"}
{"payload":{"local_timestamp":1747305035917,"message_id":202,"output":"\r\u001b[34m\u001b[1mtrain: \u001b[0mScanning C:\\Users\\USER\\Desktop\\vit_project\\yolov5\\labels\\train... \u001b[0m","stderr":true},"type":"standard_output"}
{"payload":{"local_timestamp":1747305036029,"message_id":203,"output":"\r\u001b[34m\u001b[1mtrain: \u001b[0mScanning C:\\Users\\USER\\Desktop\\vit_project\\yolov5\\labels\\train... \u001b[0m","stderr":true},"type":"standard_output"}
{"payload":{"local_timestamp":1747305036141,"message_id":204,"output":"\r\u001b[34m\u001b[1mtrain: \u001b[0mScanning C:\\Users\\USER\\Desktop\\vit_project\\yolov5\\labels\\train... \u001b[0m","stderr":true},"type":"standard_output"}
{"payload":{"local_timestamp":1747305036242,"message_id":205,"output":"\r\u001b[34m\u001b[1mtrain: \u001b[0mScanning C:\\Users\\USER\\Desktop\\vit_project\\yolov5\\labels\\train... \u001b[0m","stderr":true},"type":"standard_output"}
{"payload":{"local_timestamp":1747305036349,"message_id":206,"output":"\r\u001b[34m\u001b[1mtrain: \u001b[0mScanning C:\\Users\\USER\\Desktop\\vit_project\\yolov5\\labels\\train... \u001b[0m","stderr":true},"type":"standard_output"}
{"payload":{"local_timestamp":1747305036467,"message_id":207,"output":"\r\u001b[34m\u001b[1mtrain: \u001b[0mScanning C:\\Users\\USER\\Desktop\\vit_project\\yolov5\\labels\\train... \u001b[0m","stderr":true},"type":"standard_output"}
{"payload":{"local_timestamp":1747305036566,"message_id":208,"output":"\r\u001b[34m\u001b[1mtrain: \u001b[0mScanning C:\\Users\\USER\\Desktop\\vit_project\\yolov5\\labels\\train... \u001b[0m","stderr":true},"type":"standard_output"}
{"payload":{"local_timestamp":1747305036678,"message_id":209,"output":"\r\u001b[34m\u001b[1mtrain: \u001b[0mScanning C:\\Users\\USER\\Desktop\\vit_project\\yolov5\\labels\\train... \u001b[0m","stderr":true},"type":"standard_output"}
{"payload":{"local_timestamp":1747305036769,"message_id":210,"output":"\r\u001b[34m\u001b[1mtrain: \u001b[0mScanning C:\\Users\\USER\\Desktop\\vit_project\\yolov5\\labels\\train... \u001b[0m","stderr":true},"type":"standard_output"}
{"payload":{"local_timestamp":1747305036908,"message_id":211,"output":"\r\u001b[34m\u001b[1mtrain: \u001b[0mScanning C:\\Users\\USER\\Desktop\\vit_project\\yolov5\\labels\\train... \u001b[0m","stderr":true},"type":"standard_output"}
{"payload":{"local_timestamp":1747305037014,"message_id":212,"output":"\r\u001b[34m\u001b[1mtrain: \u001b[0mScanning C:\\Users\\USER\\Desktop\\vit_project\\yolov5\\labels\\train... \u001b[0m","stderr":true},"type":"standard_output"}
{"payload":{"local_timestamp":1747305037212,"message_id":213,"output":"\r\u001b[34m\u001b[1mtrain: \u001b[0mScanning C:\\Users\\USER\\Desktop\\vit_project\\yolov5\\labels\\train... \u001b[0m","stderr":true},"type":"standard_output"}
{"payload":{"local_timestamp":1747305037305,"message_id":214,"output":"\r\u001b[34m\u001b[1mtrain: \u001b[0mScanning C:\\Users\\USER\\Desktop\\vit_project\\yolov5\\labels\\train... \u001b[0m","stderr":true},"type":"standard_output"}
{"payload":{"local_timestamp":1747305037403,"message_id":215,"output":"\r\u001b[34m\u001b[1mtrain: \u001b[0mScanning C:\\Users\\USER\\Desktop\\vit_project\\yolov5\\labels\\train... \u001b[0m","stderr":true},"type":"standard_output"}
{"payload":{"local_timestamp":1747305037514,"message_id":216,"output":"\r\u001b[34m\u001b[1mtrain: \u001b[0mScanning C:\\Users\\USER\\Desktop\\vit_project\\yolov5\\labels\\train... \u001b[0m","stderr":true},"type":"standard_output"}
{"payload":{"local_timestamp":1747305037615,"message_id":217,"output":"\r\u001b[34m\u001b[1mtrain: \u001b[0mScanning C:\\Users\\USER\\Desktop\\vit_project\\yolov5\\labels\\train... \u001b[0m","stderr":true},"type":"standard_output"}
{"payload":{"local_timestamp":1747305037723,"message_id":218,"output":"\r\u001b[34m\u001b[1mtrain: \u001b[0mScanning C:\\Users\\USER\\Desktop\\vit_project\\yolov5\\labels\\train... \u001b[0m","stderr":true},"type":"standard_output"}
{"payload":{"local_timestamp":1747305037849,"message_id":219,"output":"\r\u001b[34m\u001b[1mtrain: \u001b[0mScanning C:\\Users\\USER\\Desktop\\vit_project\\yolov5\\labels\\train... \u001b[0m","stderr":true},"type":"standard_output"}
{"payload":{"local_timestamp":1747305037986,"message_id":220,"output":"\r\u001b[34m\u001b[1mtrain: \u001b[0mScanning C:\\Users\\USER\\Desktop\\vit_project\\yolov5\\labels\\train... \u001b[0m","stderr":true},"type":"standard_output"}
{"payload":{"local_timestamp":1747305038104,"message_id":221,"output":"\r\u001b[34m\u001b[1mtrain: \u001b[0mScanning C:\\Users\\USER\\Desktop\\vit_project\\yolov5\\labels\\train... \u001b[0m","stderr":true},"type":"standard_output"}
{"payload":{"local_timestamp":1747305038219,"message_id":222,"output":"\r\u001b[34m\u001b[1mtrain: \u001b[0mScanning C:\\Users\\USER\\Desktop\\vit_project\\yolov5\\labels\\train... \u001b[0m","stderr":true},"type":"standard_output"}
{"payload":{"local_timestamp":1747305038337,"message_id":223,"output":"\r\u001b[34m\u001b[1mtrain: \u001b[0mScanning C:\\Users\\USER\\Desktop\\vit_project\\yolov5\\labels\\train... \u001b[0m","stderr":true},"type":"standard_output"}
{"payload":{"local_timestamp":1747305038441,"message_id":224,"output":"\r\u001b[34m\u001b[1mtrain: \u001b[0mScanning C:\\Users\\USER\\Desktop\\vit_project\\yolov5\\labels\\train... \u001b[0m","stderr":true},"type":"standard_output"}
{"payload":{"local_timestamp":1747305038572,"message_id":225,"output":"\r\u001b[34m\u001b[1mtrain: \u001b[0mScanning C:\\Users\\USER\\Desktop\\vit_project\\yolov5\\labels\\train... \u001b[0m","stderr":true},"type":"standard_output"}
{"payload":{"local_timestamp":1747305038690,"message_id":226,"output":"\r\u001b[34m\u001b[1mtrain: \u001b[0mScanning C:\\Users\\USER\\Desktop\\vit_project\\yolov5\\labels\\train... \u001b[0m","stderr":true},"type":"standard_output"}
{"payload":{"local_timestamp":1747305038804,"message_id":227,"output":"\r\u001b[34m\u001b[1mtrain: \u001b[0mScanning C:\\Users\\USER\\Desktop\\vit_project\\yolov5\\labels\\train... \u001b[0m","stderr":true},"type":"standard_output"}
{"payload":{"local_timestamp":1747305038901,"message_id":228,"output":"\r\u001b[34m\u001b[1mtrain: \u001b[0mScanning C:\\Users\\USER\\Desktop\\vit_project\\yolov5\\labels\\train... \u001b[0m","stderr":true},"type":"standard_output"}
{"payload":{"local_timestamp":1747305039024,"message_id":229,"output":"\r\u001b[34m\u001b[1mtrain: \u001b[0mScanning C:\\Users\\USER\\Desktop\\vit_project\\yolov5\\labels\\train... \u001b[0m","stderr":true},"type":"standard_output"}
{"payload":{"local_timestamp":1747305039137,"message_id":230,"output":"\r\u001b[34m\u001b[1mtrain: \u001b[0mScanning C:\\Users\\USER\\Desktop\\vit_project\\yolov5\\labels\\train... \u001b[0m","stderr":true},"type":"standard_output"}
{"payload":{"local_timestamp":1747305039241,"message_id":231,"output":"\r\u001b[34m\u001b[1mtrain: \u001b[0mScanning C:\\Users\\USER\\Desktop\\vit_project\\yolov5\\labels\\train... \u001b[0m","stderr":true},"type":"standard_output"}
{"payload":{"local_timestamp":1747305039343,"message_id":232,"output":"\r\u001b[34m\u001b[1mtrain: \u001b[0mScanning C:\\Users\\USER\\Desktop\\vit_project\\yolov5\\labels\\train... \u001b[0m","stderr":true},"type":"standard_output"}
{"payload":{"local_timestamp":1747305039460,"message_id":233,"output":"\r\u001b[34m\u001b[1mtrain: \u001b[0mScanning C:\\Users\\USER\\Desktop\\vit_project\\yolov5\\labels\\train... \u001b[0m","stderr":true},"type":"standard_output"}
{"payload":{"local_timestamp":1747305039487,"message_id":234,"output":"\r\u001b[34m\u001b[1mtrain: \u001b[0mScanning C:\\Users\\USER\\Desktop\\vit_project\\yolov5\\labels\\train... \u001b[0m","stderr":true},"type":"standard_output"}
{"payload":{"local_timestamp":1747305039487,"message_id":235,"output":"\n","stderr":true},"type":"standard_output"}
{"payload":{"local_timestamp":1747305039799,"message_id":236,"output":"\u001b[34m\u001b[1mtrain: \u001b[0mWARNING  C:\\Users\\USER\\Desktop\\vit_project\\yolov5\\images\\train\\colorful_3182_F1_scaled.png: 1 duplicate labels removed\n\u001b[34m\u001b[1mtrain: \u001b[0mWARNING  C:\\Users\\USER\\Desktop\\vit_project\\yolov5\\images\\train\\high_quality_11263_F2_original.png: 2 duplicate labels removed\n\u001b[34m\u001b[1mtrain: \u001b[0mWARNING  C:\\Users\\USER\\Desktop\\vit_project\\yolov5\\images\\train\\high_quality_4643_F1_original.png: 2 duplicate labels removed\n\u001b[34m\u001b[1mtrain: \u001b[0mWARNING  C:\\Users\\USER\\Desktop\\vit_project\\yolov5\\images\\train\\high_quality_architectural_6380_F2_original.png: 1 duplicate labels removed\n","stderr":true},"type":"standard_output"}
{"payload":{"local_timestamp":1747305040952,"message_id":237,"output":"\u001b[34m\u001b[1mtrain: \u001b[0mWARNING  Cache directory C:\\Users\\USER\\Desktop\\vit_project\\yolov5\\labels is not writeable: [WinError 183] Cannot create a file when that file already exists: 'C:\\\\Users\\\\USER\\\\Desktop\\\\vit_project\\\\yolov5\\\\labels\\\\train.cache.npy' -> 'C:\\\\Users\\\\USER\\\\Desktop\\\\vit_project\\\\yolov5\\\\labels\\\\train.cache'\n","stderr":true},"type":"standard_output"}
{"payload":{"local_timestamp":1747305049091,"message_id":238,"metric":{"epoch":null,"metricName":"sys.cpu.percent.avg","metricValue":97.825,"step":null}},"type":"metric_msg"}
{"payload":{"local_timestamp":1747305049091,"message_id":239,"metric":{"epoch":null,"metricName":"sys.ram.total","metricValue":34161336320,"step":null}},"type":"metric_msg"}
{"payload":{"local_timestamp":1747305049091,"message_id":240,"metric":{"epoch":null,"metricName":"sys.ram.used","metricValue":17575874560,"step":null}},"type":"metric_msg"}
{"payload":{"local_timestamp":1747305049091,"message_id":241,"metric":{"epoch":null,"metricName":"sys.ram.available","metricValue":16585461760,"step":null}},"type":"metric_msg"}
{"payload":{"local_timestamp":1747305049091,"message_id":242,"metric":{"epoch":null,"metricName":"sys.ram.percent.used","metricValue":51.4,"step":null}},"type":"metric_msg"}
{"payload":{"local_timestamp":1747305049091,"message_id":243,"metric":{"epoch":null,"metricName":"sys.load.avg","metricValue":14.96,"step":null}},"type":"metric_msg"}
{"payload":{"local_timestamp":1747305049208,"message_id":244,"metric":{"epoch":null,"metricName":"sys.network.send_bps","metricValue":3284,"step":null}},"type":"metric_msg"}
{"payload":{"local_timestamp":1747305049208,"message_id":245,"metric":{"epoch":null,"metricName":"sys.network.receive_bps","metricValue":4516,"step":null}},"type":"metric_msg"}
{"payload":{"local_timestamp":1747305049309,"message_id":246,"metric":{"epoch":null,"metricName":"sys.disk.read_bps","metricValue":1056786.3833410423,"step":null}},"type":"metric_msg"}
{"payload":{"local_timestamp":1747305049309,"message_id":247,"metric":{"epoch":null,"metricName":"sys.disk.write_bps","metricValue":172339.07691002285,"step":null}},"type":"metric_msg"}
{"payload":{"local_timestamp":1747305080346,"message_id":248,"metric":{"epoch":null,"metricName":"sys.cpu.percent.avg","metricValue":71.5625,"step":null}},"type":"metric_msg"}
{"payload":{"local_timestamp":1747305080346,"message_id":249,"metric":{"epoch":null,"metricName":"sys.ram.total","metricValue":34161336320,"step":null}},"type":"metric_msg"}
{"payload":{"local_timestamp":1747305080346,"message_id":250,"metric":{"epoch":null,"metricName":"sys.ram.used","metricValue":17847533568,"step":null}},"type":"metric_msg"}
{"payload":{"local_timestamp":1747305080346,"message_id":251,"metric":{"epoch":null,"metricName":"sys.ram.available","metricValue":16313802752,"step":null}},"type":"metric_msg"}
{"payload":{"local_timestamp":1747305080346,"message_id":252,"metric":{"epoch":null,"metricName":"sys.ram.percent.used","metricValue":52.2,"step":null}},"type":"metric_msg"}
{"payload":{"local_timestamp":1747305080346,"message_id":253,"metric":{"epoch":null,"metricName":"sys.load.avg","metricValue":9.2,"step":null}},"type":"metric_msg"}
{"payload":{"local_timestamp":1747305080465,"message_id":254,"metric":{"epoch":null,"metricName":"sys.network.send_bps","metricValue":1294,"step":null}},"type":"metric_msg"}
{"payload":{"local_timestamp":1747305080465,"message_id":255,"metric":{"epoch":null,"metricName":"sys.network.receive_bps","metricValue":4191,"step":null}},"type":"metric_msg"}
{"payload":{"local_timestamp":1747305080566,"message_id":256,"metric":{"epoch":null,"metricName":"sys.disk.read_bps","metricValue":195021.17967973722,"step":null}},"type":"metric_msg"}
{"payload":{"local_timestamp":1747305080567,"message_id":257,"metric":{"epoch":null,"metricName":"sys.disk.write_bps","metricValue":721067.3064573923,"step":null}},"type":"metric_msg"}
{"payload":{"local_timestamp":1747305111651,"message_id":258,"metric":{"epoch":null,"metricName":"sys.cpu.percent.avg","metricValue":75.275,"step":null}},"type":"metric_msg"}
{"payload":{"local_timestamp":1747305111651,"message_id":259,"metric":{"epoch":null,"metricName":"sys.ram.total","metricValue":34161336320,"step":null}},"type":"metric_msg"}
{"payload":{"local_timestamp":1747305111651,"message_id":260,"metric":{"epoch":null,"metricName":"sys.ram.used","metricValue":18941820928,"step":null}},"type":"metric_msg"}
{"payload":{"local_timestamp":1747305111651,"message_id":261,"metric":{"epoch":null,"metricName":"sys.ram.available","metricValue":15219515392,"step":null}},"type":"metric_msg"}
{"payload":{"local_timestamp":1747305111651,"message_id":262,"metric":{"epoch":null,"metricName":"sys.ram.percent.used","metricValue":55.4,"step":null}},"type":"metric_msg"}
{"payload":{"local_timestamp":1747305111651,"message_id":263,"metric":{"epoch":null,"metricName":"sys.load.avg","metricValue":6.21,"step":null}},"type":"metric_msg"}
{"payload":{"local_timestamp":1747305111765,"message_id":264,"metric":{"epoch":null,"metricName":"sys.network.send_bps","metricValue":3041,"step":null}},"type":"metric_msg"}
{"payload":{"local_timestamp":1747305111765,"message_id":265,"metric":{"epoch":null,"metricName":"sys.network.receive_bps","metricValue":5591,"step":null}},"type":"metric_msg"}
{"payload":{"local_timestamp":1747305111866,"message_id":266,"metric":{"epoch":null,"metricName":"sys.disk.read_bps","metricValue":1472.205316143217,"step":null}},"type":"metric_msg"}
{"payload":{"local_timestamp":1747305111867,"message_id":267,"metric":{"epoch":null,"metricName":"sys.disk.write_bps","metricValue":88937.55893189635,"step":null}},"type":"metric_msg"}
{"payload":{"local_timestamp":1747305142908,"message_id":268,"metric":{"epoch":null,"metricName":"sys.cpu.percent.avg","metricValue":73.9625,"step":null}},"type":"metric_msg"}
{"payload":{"local_timestamp":1747305142908,"message_id":269,"metric":{"epoch":null,"metricName":"sys.ram.total","metricValue":34161336320,"step":null}},"type":"metric_msg"}
{"payload":{"local_timestamp":1747305142908,"message_id":270,"metric":{"epoch":null,"metricName":"sys.ram.used","metricValue":19916685312,"step":null}},"type":"metric_msg"}
{"payload":{"local_timestamp":1747305142908,"message_id":271,"metric":{"epoch":null,"metricName":"sys.ram.available","metricValue":14244651008,"step":null}},"type":"metric_msg"}
{"payload":{"local_timestamp":1747305142908,"message_id":272,"metric":{"epoch":null,"metricName":"sys.ram.percent.used","metricValue":58.3,"step":null}},"type":"metric_msg"}
{"payload":{"local_timestamp":1747305142908,"message_id":273,"metric":{"epoch":null,"metricName":"sys.load.avg","metricValue":3.77,"step":null}},"type":"metric_msg"}
{"payload":{"local_timestamp":1747305143023,"message_id":274,"metric":{"epoch":null,"metricName":"sys.network.send_bps","metricValue":2735,"step":null}},"type":"metric_msg"}
{"payload":{"local_timestamp":1747305143023,"message_id":275,"metric":{"epoch":null,"metricName":"sys.network.receive_bps","metricValue":2131,"step":null}},"type":"metric_msg"}
{"payload":{"local_timestamp":1747305143124,"message_id":276,"metric":{"epoch":null,"metricName":"sys.disk.read_bps","metricValue":277903.6794871237,"step":null}},"type":"metric_msg"}
{"payload":{"local_timestamp":1747305143124,"message_id":277,"metric":{"epoch":null,"metricName":"sys.disk.write_bps","metricValue":85929.66536540438,"step":null}},"type":"metric_msg"}
{"payload":{"local_timestamp":1747305174189,"message_id":278,"metric":{"epoch":null,"metricName":"sys.cpu.percent.avg","metricValue":71.2875,"step":null}},"type":"metric_msg"}
{"payload":{"local_timestamp":1747305174189,"message_id":279,"metric":{"epoch":null,"metricName":"sys.ram.total","metricValue":34161336320,"step":null}},"type":"metric_msg"}
{"payload":{"local_timestamp":1747305174189,"message_id":280,"metric":{"epoch":null,"metricName":"sys.ram.used","metricValue":20651261952,"step":null}},"type":"metric_msg"}
{"payload":{"local_timestamp":1747305174190,"message_id":281,"metric":{"epoch":null,"metricName":"sys.ram.available","metricValue":13510074368,"step":null}},"type":"metric_msg"}
{"payload":{"local_timestamp":1747305174190,"message_id":282,"metric":{"epoch":null,"metricName":"sys.ram.percent.used","metricValue":60.5,"step":null}},"type":"metric_msg"}
{"payload":{"local_timestamp":1747305174190,"message_id":283,"metric":{"epoch":null,"metricName":"sys.load.avg","metricValue":2.18,"step":null}},"type":"metric_msg"}
{"payload":{"local_timestamp":1747305174301,"message_id":284,"metric":{"epoch":null,"metricName":"sys.network.send_bps","metricValue":2143,"step":null}},"type":"metric_msg"}
{"payload":{"local_timestamp":1747305174301,"message_id":285,"metric":{"epoch":null,"metricName":"sys.network.receive_bps","metricValue":1911,"step":null}},"type":"metric_msg"}
{"payload":{"local_timestamp":1747305174401,"message_id":286,"metric":{"epoch":null,"metricName":"sys.disk.read_bps","metricValue":12097.158406614262,"step":null}},"type":"metric_msg"}
{"payload":{"local_timestamp":1747305174401,"message_id":287,"metric":{"epoch":null,"metricName":"sys.disk.write_bps","metricValue":76167.89995395963,"step":null}},"type":"metric_msg"}
{"payload":{"local_timestamp":1747305180237,"message_id":288,"output":"Unique label classes found in dataset: [ 0  1  4  5  6  7  8  9 13 14 16 25 32 33 38 56 62 63 65 67 68 69 71 72 73 74]\n","stderr":true},"type":"standard_output"}
{"payload":{"local_timestamp":1747305180238,"message_id":289,"output":"Number of classes (nc) specified in data.yaml: 3\n","stderr":true},"type":"standard_output"}
{"payload":{"local_timestamp":1747305180241,"message_id":290,"output":"Traceback (most recent call last):\n","stderr":true},"type":"standard_output"}
{"payload":{"local_timestamp":1747305180243,"message_id":291,"output":"  File \u001b[35m\"C:\\Users\\USER\\Desktop\\vit_project\\yolov5\\train.py\"\u001b[0m, line \u001b[35m1003\u001b[0m, in \u001b[35m<module>\u001b[0m\n    \u001b[31mmain\u001b[0m\u001b[1;31m(opt)\u001b[0m\n    \u001b[31m~~~~\u001b[0m\u001b[1;31m^^^^^\u001b[0m\n","stderr":true},"type":"standard_output"}
{"payload":{"local_timestamp":1747305180243,"message_id":292,"output":"  File \u001b[35m\"C:\\Users\\USER\\Desktop\\vit_project\\yolov5\\train.py\"\u001b[0m, line \u001b[35m705\u001b[0m, in \u001b[35mmain\u001b[0m\n    \u001b[31mtrain\u001b[0m\u001b[1;31m(opt.hyp, opt, device, callbacks)\u001b[0m\n    \u001b[31m~~~~~\u001b[0m\u001b[1;31m^^^^^^^^^^^^^^^^^^^^^^^^^^^^^^^^^\u001b[0m\n","stderr":true},"type":"standard_output"}
{"payload":{"local_timestamp":1747305180243,"message_id":293,"output":"  File \u001b[35m\"C:\\Users\\USER\\Desktop\\vit_project\\yolov5\\train.py\"\u001b[0m, line \u001b[35m322\u001b[0m, in \u001b[35mtrain\u001b[0m\n    assert \u001b[1;31mmlc < nc\u001b[0m, f\"Label class {mlc} exceeds nc={nc} in {data}. Possible class labels are 0-{nc - 1}\"\n           \u001b[1;31m^^^^^^^^\u001b[0m\n","stderr":true},"type":"standard_output"}
{"payload":{"local_timestamp":1747305180244,"message_id":294,"output":"\u001b[1;35mAssertionError\u001b[0m: \u001b[35mLabel class 74 exceeds nc=3 in data.yaml. Possible class labels are 0-2\u001b[0m\n","stderr":true},"type":"standard_output"}
{"payload":{"local_timestamp":1747305180245,"message_id":295,"output":"\u001b[1;38;5;39mCOMET INFO:\u001b[0m ---------------------------------------------------------------------------------------\n","stderr":true},"type":"standard_output"}
{"payload":{"local_timestamp":1747305180245,"message_id":296,"output":"\u001b[1;38;5;39mCOMET INFO:\u001b[0m Comet.ml OfflineExperiment Summary\n","stderr":true},"type":"standard_output"}
{"payload":{"local_timestamp":1747305180246,"message_id":297,"output":"\u001b[1;38;5;39mCOMET INFO:\u001b[0m ---------------------------------------------------------------------------------------\n","stderr":true},"type":"standard_output"}
{"payload":{"local_timestamp":1747305180246,"message_id":298,"output":"\u001b[1;38;5;39mCOMET INFO:\u001b[0m   Data:\n","stderr":true},"type":"standard_output"}
{"payload":{"local_timestamp":1747305180247,"message_id":299,"output":"\u001b[1;38;5;39mCOMET INFO:\u001b[0m     display_summary_level : 1\n","stderr":true},"type":"standard_output"}
{"payload":{"local_timestamp":1747305180250,"message_id":300,"output":"\u001b[1;38;5;39mCOMET INFO:\u001b[0m     name                  : exp\n","stderr":true},"type":"standard_output"}
{"payload":{"local_timestamp":1747305180251,"message_id":301,"output":"\u001b[1;38;5;39mCOMET INFO:\u001b[0m     url                   : [OfflineExperiment will get URL after upload]\n","stderr":true},"type":"standard_output"}
{"payload":{"local_timestamp":1747305180252,"message_id":302,"output":"\u001b[1;38;5;39mCOMET INFO:\u001b[0m   Others:\n","stderr":true},"type":"standard_output"}
{"payload":{"local_timestamp":1747305180253,"message_id":303,"output":"\u001b[1;38;5;39mCOMET INFO:\u001b[0m     Created from                : YOLOv5\n","stderr":true},"type":"standard_output"}
{"payload":{"local_timestamp":1747305180253,"message_id":304,"output":"\u001b[1;38;5;39mCOMET INFO:\u001b[0m     Name                        : exp\n","stderr":true},"type":"standard_output"}
{"payload":{"local_timestamp":1747305180254,"message_id":305,"output":"\u001b[1;38;5;39mCOMET INFO:\u001b[0m     comet_log_batch_metrics     : False\n","stderr":true},"type":"standard_output"}
{"payload":{"local_timestamp":1747305180254,"message_id":306,"output":"\u001b[1;38;5;39mCOMET INFO:\u001b[0m     comet_log_confusion_matrix  : True\n","stderr":true},"type":"standard_output"}
{"payload":{"local_timestamp":1747305180255,"message_id":307,"output":"\u001b[1;38;5;39mCOMET INFO:\u001b[0m     comet_log_per_class_metrics : False\n","stderr":true},"type":"standard_output"}
{"payload":{"local_timestamp":1747305180255,"message_id":308,"output":"\u001b[1;38;5;39mCOMET INFO:\u001b[0m     comet_max_image_uploads     : 100\n","stderr":true},"type":"standard_output"}
{"payload":{"local_timestamp":1747305180256,"message_id":309,"output":"\u001b[1;38;5;39mCOMET INFO:\u001b[0m     comet_mode                  : online\n","stderr":true},"type":"standard_output"}
{"payload":{"local_timestamp":1747305180256,"message_id":310,"output":"\u001b[1;38;5;39mCOMET INFO:\u001b[0m     comet_model_name            : yolov5\n","stderr":true},"type":"standard_output"}
{"payload":{"local_timestamp":1747305180257,"message_id":311,"output":"\u001b[1;38;5;39mCOMET INFO:\u001b[0m     hasNestedParams             : True\n","stderr":true},"type":"standard_output"}
{"payload":{"local_timestamp":1747305180257,"message_id":312,"output":"\u001b[1;38;5;39mCOMET INFO:\u001b[0m     offline_experiment          : True\n","stderr":true},"type":"standard_output"}
{"payload":{"local_timestamp":1747305180259,"message_id":313,"output":"\u001b[1;38;5;39mCOMET INFO:\u001b[0m   Parameters:\n","stderr":true},"type":"standard_output"}
{"payload":{"local_timestamp":1747305180259,"message_id":314,"output":"\u001b[1;38;5;39mCOMET INFO:\u001b[0m     anchor_t            : 4.0\n","stderr":true},"type":"standard_output"}
{"payload":{"local_timestamp":1747305180260,"message_id":315,"output":"\u001b[1;38;5;39mCOMET INFO:\u001b[0m     artifact_alias      : latest\n","stderr":true},"type":"standard_output"}
{"payload":{"local_timestamp":1747305180260,"message_id":316,"output":"\u001b[1;38;5;39mCOMET INFO:\u001b[0m     batch_size          : 16\n","stderr":true},"type":"standard_output"}
{"payload":{"local_timestamp":1747305180261,"message_id":317,"output":"\u001b[1;38;5;39mCOMET INFO:\u001b[0m     bbox_interval       : -1\n","stderr":true},"type":"standard_output"}
{"payload":{"local_timestamp":1747305180261,"message_id":318,"output":"\u001b[1;38;5;39mCOMET INFO:\u001b[0m     box                 : 0.05\n","stderr":true},"type":"standard_output"}
{"payload":{"local_timestamp":1747305180261,"message_id":319,"output":"\u001b[1;38;5;39mCOMET INFO:\u001b[0m     bucket              : \n","stderr":true},"type":"standard_output"}
{"payload":{"local_timestamp":1747305180262,"message_id":320,"output":"\u001b[1;38;5;39mCOMET INFO:\u001b[0m     cache               : None\n","stderr":true},"type":"standard_output"}
{"payload":{"local_timestamp":1747305180262,"message_id":321,"output":"\u001b[1;38;5;39mCOMET INFO:\u001b[0m     cfg                 : \n","stderr":true},"type":"standard_output"}
{"payload":{"local_timestamp":1747305180263,"message_id":322,"output":"\u001b[1;38;5;39mCOMET INFO:\u001b[0m     cls                 : 0.5\n","stderr":true},"type":"standard_output"}
{"payload":{"local_timestamp":1747305180263,"message_id":323,"output":"\u001b[1;38;5;39mCOMET INFO:\u001b[0m     cls_pw              : 1.0\n","stderr":true},"type":"standard_output"}
{"payload":{"local_timestamp":1747305180264,"message_id":324,"output":"\u001b[1;38;5;39mCOMET INFO:\u001b[0m     copy_paste          : 0.0\n","stderr":true},"type":"standard_output"}
{"payload":{"local_timestamp":1747305180266,"message_id":325,"output":"\u001b[1;38;5;39mCOMET INFO:\u001b[0m     cos_lr              : False\n","stderr":true},"type":"standard_output"}
{"payload":{"local_timestamp":1747305180267,"message_id":326,"output":"\u001b[1;38;5;39mCOMET INFO:\u001b[0m     degrees             : 0.0\n","stderr":true},"type":"standard_output"}
{"payload":{"local_timestamp":1747305180268,"message_id":327,"output":"\u001b[1;38;5;39mCOMET INFO:\u001b[0m     device              : \n","stderr":true},"type":"standard_output"}
{"payload":{"local_timestamp":1747305180268,"message_id":328,"output":"\u001b[1;38;5;39mCOMET INFO:\u001b[0m     entity              : None\n","stderr":true},"type":"standard_output"}
{"payload":{"local_timestamp":1747305180269,"message_id":329,"output":"\u001b[1;38;5;39mCOMET INFO:\u001b[0m     evolve              : None\n","stderr":true},"type":"standard_output"}
{"payload":{"local_timestamp":1747305180269,"message_id":330,"output":"\u001b[1;38;5;39mCOMET INFO:\u001b[0m     evolve_population   : data\\hyps\n","stderr":true},"type":"standard_output"}
{"payload":{"local_timestamp":1747305180270,"message_id":331,"output":"\u001b[1;38;5;39mCOMET INFO:\u001b[0m     exist_ok            : False\n","stderr":true},"type":"standard_output"}
{"payload":{"local_timestamp":1747305180271,"message_id":332,"output":"\u001b[1;38;5;39mCOMET INFO:\u001b[0m     fl_gamma            : 0.0\n","stderr":true},"type":"standard_output"}
{"payload":{"local_timestamp":1747305180271,"message_id":333,"output":"\u001b[1;38;5;39mCOMET INFO:\u001b[0m     fliplr              : 0.5\n","stderr":true},"type":"standard_output"}
{"payload":{"local_timestamp":1747305180272,"message_id":334,"output":"\u001b[1;38;5;39mCOMET INFO:\u001b[0m     flipud              : 0.0\n","stderr":true},"type":"standard_output"}
{"payload":{"local_timestamp":1747305180273,"message_id":335,"output":"\u001b[1;38;5;39mCOMET INFO:\u001b[0m     freeze              : [0]\n","stderr":true},"type":"standard_output"}
{"payload":{"local_timestamp":1747305180274,"message_id":336,"output":"\u001b[1;38;5;39mCOMET INFO:\u001b[0m     hsv_h               : 0.015\n","stderr":true},"type":"standard_output"}
{"payload":{"local_timestamp":1747305180274,"message_id":337,"output":"\u001b[1;38;5;39mCOMET INFO:\u001b[0m     hsv_s               : 0.7\n","stderr":true},"type":"standard_output"}
{"payload":{"local_timestamp":1747305180275,"message_id":338,"output":"\u001b[1;38;5;39mCOMET INFO:\u001b[0m     hsv_v               : 0.4\n","stderr":true},"type":"standard_output"}
{"payload":{"local_timestamp":1747305180275,"message_id":339,"output":"\u001b[1;38;5;39mCOMET INFO:\u001b[0m     hyp|anchor_t        : 4.0\n","stderr":true},"type":"standard_output"}
{"payload":{"local_timestamp":1747305180275,"message_id":340,"output":"\u001b[1;38;5;39mCOMET INFO:\u001b[0m     hyp|box             : 0.05\n","stderr":true},"type":"standard_output"}
{"payload":{"local_timestamp":1747305180277,"message_id":341,"output":"\u001b[1;38;5;39mCOMET INFO:\u001b[0m     hyp|cls             : 0.5\n","stderr":true},"type":"standard_output"}
{"payload":{"local_timestamp":1747305180277,"message_id":342,"output":"\u001b[1;38;5;39mCOMET INFO:\u001b[0m     hyp|cls_pw          : 1.0\n","stderr":true},"type":"standard_output"}
{"payload":{"local_timestamp":1747305180303,"message_id":343,"output":"\u001b[1;38;5;39mCOMET INFO:\u001b[0m     hyp|copy_paste      : 0.0\n","stderr":true},"type":"standard_output"}
{"payload":{"local_timestamp":1747305180338,"message_id":344,"output":"\u001b[1;38;5;39mCOMET INFO:\u001b[0m     hyp|degrees         : 0.0\n","stderr":true},"type":"standard_output"}
{"payload":{"local_timestamp":1747305180375,"message_id":345,"output":"\u001b[1;38;5;39mCOMET INFO:\u001b[0m     hyp|fl_gamma        : 0.0\n","stderr":true},"type":"standard_output"}
{"payload":{"local_timestamp":1747305180407,"message_id":346,"output":"\u001b[1;38;5;39mCOMET INFO:\u001b[0m     hyp|fliplr          : 0.5\n","stderr":true},"type":"standard_output"}
{"payload":{"local_timestamp":1747305180416,"message_id":347,"output":"\u001b[1;38;5;39mCOMET INFO:\u001b[0m     hyp|flipud          : 0.0\n","stderr":true},"type":"standard_output"}
{"payload":{"local_timestamp":1747305180465,"message_id":348,"output":"\u001b[1;38;5;39mCOMET INFO:\u001b[0m     hyp|hsv_h           : 0.015\n","stderr":true},"type":"standard_output"}
{"payload":{"local_timestamp":1747305180501,"message_id":349,"output":"\u001b[1;38;5;39mCOMET INFO:\u001b[0m     hyp|hsv_s           : 0.7\n","stderr":true},"type":"standard_output"}
{"payload":{"local_timestamp":1747305180527,"message_id":350,"output":"\u001b[1;38;5;39mCOMET INFO:\u001b[0m     hyp|hsv_v           : 0.4\n","stderr":true},"type":"standard_output"}
{"payload":{"local_timestamp":1747305180551,"message_id":351,"output":"\u001b[1;38;5;39mCOMET INFO:\u001b[0m     hyp|iou_t           : 0.2\n","stderr":true},"type":"standard_output"}
{"payload":{"local_timestamp":1747305180566,"message_id":352,"output":"\u001b[1;38;5;39mCOMET INFO:\u001b[0m     hyp|lr0             : 0.01\n","stderr":true},"type":"standard_output"}
{"payload":{"local_timestamp":1747305180589,"message_id":353,"output":"\u001b[1;38;5;39mCOMET INFO:\u001b[0m     hyp|lrf             : 0.01\n","stderr":true},"type":"standard_output"}
{"payload":{"local_timestamp":1747305180614,"message_id":354,"output":"\u001b[1;38;5;39mCOMET INFO:\u001b[0m     hyp|mixup           : 0.0\n","stderr":true},"type":"standard_output"}
{"payload":{"local_timestamp":1747305180624,"message_id":355,"output":"\u001b[1;38;5;39mCOMET INFO:\u001b[0m     hyp|momentum        : 0.937\n","stderr":true},"type":"standard_output"}
{"payload":{"local_timestamp":1747305180639,"message_id":356,"output":"\u001b[1;38;5;39mCOMET INFO:\u001b[0m     hyp|mosaic          : 1.0\n","stderr":true},"type":"standard_output"}
{"payload":{"local_timestamp":1747305180660,"message_id":357,"output":"\u001b[1;38;5;39mCOMET INFO:\u001b[0m     hyp|obj             : 1.0\n","stderr":true},"type":"standard_output"}
{"payload":{"local_timestamp":1747305180710,"message_id":358,"output":"\u001b[1;38;5;39mCOMET INFO:\u001b[0m     hyp|obj_pw          : 1.0\n","stderr":true},"type":"standard_output"}
{"payload":{"local_timestamp":1747305180739,"message_id":359,"output":"\u001b[1;38;5;39mCOMET INFO:\u001b[0m     hyp|perspective     : 0.0\n","stderr":true},"type":"standard_output"}
{"payload":{"local_timestamp":1747305180741,"message_id":360,"output":"\u001b[1;38;5;39mCOMET INFO:\u001b[0m     hyp|scale           : 0.5\n","stderr":true},"type":"standard_output"}
{"payload":{"local_timestamp":1747305180742,"message_id":361,"output":"\u001b[1;38;5;39mCOMET INFO:\u001b[0m     hyp|shear           : 0.0\n","stderr":true},"type":"standard_output"}
{"payload":{"local_timestamp":1747305180742,"message_id":362,"output":"\u001b[1;38;5;39mCOMET INFO:\u001b[0m     hyp|translate       : 0.1\n","stderr":true},"type":"standard_output"}
{"payload":{"local_timestamp":1747305180743,"message_id":363,"output":"\u001b[1;38;5;39mCOMET INFO:\u001b[0m     hyp|warmup_bias_lr  : 0.1\n","stderr":true},"type":"standard_output"}
{"payload":{"local_timestamp":1747305180743,"message_id":364,"output":"\u001b[1;38;5;39mCOMET INFO:\u001b[0m     hyp|warmup_epochs   : 3.0\n","stderr":true},"type":"standard_output"}
{"payload":{"local_timestamp":1747305180743,"message_id":365,"output":"\u001b[1;38;5;39mCOMET INFO:\u001b[0m     hyp|warmup_momentum : 0.8\n","stderr":true},"type":"standard_output"}
{"payload":{"local_timestamp":1747305180744,"message_id":366,"output":"\u001b[1;38;5;39mCOMET INFO:\u001b[0m     hyp|weight_decay    : 0.0005\n","stderr":true},"type":"standard_output"}
{"payload":{"local_timestamp":1747305180744,"message_id":367,"output":"\u001b[1;38;5;39mCOMET INFO:\u001b[0m     image_weights       : False\n","stderr":true},"type":"standard_output"}
{"payload":{"local_timestamp":1747305180745,"message_id":368,"output":"\u001b[1;38;5;39mCOMET INFO:\u001b[0m     imgsz               : 640\n","stderr":true},"type":"standard_output"}
{"payload":{"local_timestamp":1747305180745,"message_id":369,"output":"\u001b[1;38;5;39mCOMET INFO:\u001b[0m     iou_t               : 0.2\n","stderr":true},"type":"standard_output"}
{"payload":{"local_timestamp":1747305180746,"message_id":370,"output":"\u001b[1;38;5;39mCOMET INFO:\u001b[0m     label_smoothing     : 0.0\n","stderr":true},"type":"standard_output"}
{"payload":{"local_timestamp":1747305180747,"message_id":371,"output":"\u001b[1;38;5;39mCOMET INFO:\u001b[0m     local_rank          : -1\n","stderr":true},"type":"standard_output"}
{"payload":{"local_timestamp":1747305180749,"message_id":372,"output":"\u001b[1;38;5;39mCOMET INFO:\u001b[0m     lr0                 : 0.01\n","stderr":true},"type":"standard_output"}
{"payload":{"local_timestamp":1747305180750,"message_id":373,"output":"\u001b[1;38;5;39mCOMET INFO:\u001b[0m     lrf                 : 0.01\n","stderr":true},"type":"standard_output"}
{"payload":{"local_timestamp":1747305180750,"message_id":374,"output":"\u001b[1;38;5;39mCOMET INFO:\u001b[0m     mixup               : 0.0\n","stderr":true},"type":"standard_output"}
{"payload":{"local_timestamp":1747305180751,"message_id":375,"output":"\u001b[1;38;5;39mCOMET INFO:\u001b[0m     momentum            : 0.937\n","stderr":true},"type":"standard_output"}
{"payload":{"local_timestamp":1747305180751,"message_id":376,"output":"\u001b[1;38;5;39mCOMET INFO:\u001b[0m     mosaic              : 1.0\n","stderr":true},"type":"standard_output"}
{"payload":{"local_timestamp":1747305180751,"message_id":377,"output":"\u001b[1;38;5;39mCOMET INFO:\u001b[0m     multi_scale         : False\n","stderr":true},"type":"standard_output"}
{"payload":{"local_timestamp":1747305180752,"message_id":378,"output":"\u001b[1;38;5;39mCOMET INFO:\u001b[0m     name                : exp\n","stderr":true},"type":"standard_output"}
{"payload":{"local_timestamp":1747305180753,"message_id":379,"output":"\u001b[1;38;5;39mCOMET INFO:\u001b[0m     ndjson_console      : False\n","stderr":true},"type":"standard_output"}
{"payload":{"local_timestamp":1747305180754,"message_id":380,"output":"\u001b[1;38;5;39mCOMET INFO:\u001b[0m     ndjson_file         : False\n","stderr":true},"type":"standard_output"}
{"payload":{"local_timestamp":1747305180754,"message_id":381,"output":"\u001b[1;38;5;39mCOMET INFO:\u001b[0m     noautoanchor        : False\n","stderr":true},"type":"standard_output"}
{"payload":{"local_timestamp":1747305180755,"message_id":382,"output":"\u001b[1;38;5;39mCOMET INFO:\u001b[0m     noplots             : False\n","stderr":true},"type":"standard_output"}
{"payload":{"local_timestamp":1747305180755,"message_id":383,"output":"\u001b[1;38;5;39mCOMET INFO:\u001b[0m     nosave              : False\n","stderr":true},"type":"standard_output"}
{"payload":{"local_timestamp":1747305180756,"message_id":384,"output":"\u001b[1;38;5;39mCOMET INFO:\u001b[0m     noval               : False\n","stderr":true},"type":"standard_output"}
{"payload":{"local_timestamp":1747305180756,"message_id":385,"output":"\u001b[1;38;5;39mCOMET INFO:\u001b[0m     obj                 : 1.0\n","stderr":true},"type":"standard_output"}
{"payload":{"local_timestamp":1747305180756,"message_id":386,"output":"\u001b[1;38;5;39mCOMET INFO:\u001b[0m     obj_pw              : 1.0\n","stderr":true},"type":"standard_output"}
{"payload":{"local_timestamp":1747305180757,"message_id":387,"output":"\u001b[1;38;5;39mCOMET INFO:\u001b[0m     optimizer           : SGD\n","stderr":true},"type":"standard_output"}
{"payload":{"local_timestamp":1747305180757,"message_id":388,"output":"\u001b[1;38;5;39mCOMET INFO:\u001b[0m     patience            : 100\n","stderr":true},"type":"standard_output"}
{"payload":{"local_timestamp":1747305180758,"message_id":389,"output":"\u001b[1;38;5;39mCOMET INFO:\u001b[0m     perspective         : 0.0\n","stderr":true},"type":"standard_output"}
{"payload":{"local_timestamp":1747305180760,"message_id":390,"output":"\u001b[1;38;5;39mCOMET INFO:\u001b[0m     project             : runs\\train\n","stderr":true},"type":"standard_output"}
{"payload":{"local_timestamp":1747305180761,"message_id":391,"output":"\u001b[1;38;5;39mCOMET INFO:\u001b[0m     quad                : False\n","stderr":true},"type":"standard_output"}
{"payload":{"local_timestamp":1747305180761,"message_id":392,"output":"\u001b[1;38;5;39mCOMET INFO:\u001b[0m     rect                : False\n","stderr":true},"type":"standard_output"}
{"payload":{"local_timestamp":1747305180762,"message_id":393,"output":"\u001b[1;38;5;39mCOMET INFO:\u001b[0m     resume              : False\n","stderr":true},"type":"standard_output"}
{"payload":{"local_timestamp":1747305180762,"message_id":394,"output":"\u001b[1;38;5;39mCOMET INFO:\u001b[0m     resume_evolve       : None\n","stderr":true},"type":"standard_output"}
{"payload":{"local_timestamp":1747305180763,"message_id":395,"output":"\u001b[1;38;5;39mCOMET INFO:\u001b[0m     save_dir            : runs\\train\\exp15\n","stderr":true},"type":"standard_output"}
{"payload":{"local_timestamp":1747305180763,"message_id":396,"output":"\u001b[1;38;5;39mCOMET INFO:\u001b[0m     save_period         : -1\n","stderr":true},"type":"standard_output"}
{"payload":{"local_timestamp":1747305180764,"message_id":397,"output":"\u001b[1;38;5;39mCOMET INFO:\u001b[0m     scale               : 0.5\n","stderr":true},"type":"standard_output"}
{"payload":{"local_timestamp":1747305180764,"message_id":398,"output":"\u001b[1;38;5;39mCOMET INFO:\u001b[0m     seed                : 0\n","stderr":true},"type":"standard_output"}
{"payload":{"local_timestamp":1747305180765,"message_id":399,"output":"\u001b[1;38;5;39mCOMET INFO:\u001b[0m     shear               : 0.0\n","stderr":true},"type":"standard_output"}
{"payload":{"local_timestamp":1747305180785,"message_id":400,"output":"\u001b[1;38;5;39mCOMET INFO:\u001b[0m     single_cls          : False\n","stderr":true},"type":"standard_output"}
{"payload":{"local_timestamp":1747305180796,"message_id":401,"output":"\u001b[1;38;5;39mCOMET INFO:\u001b[0m     sync_bn             : False\n","stderr":true},"type":"standard_output"}
{"payload":{"local_timestamp":1747305180802,"message_id":402,"output":"\u001b[1;38;5;39mCOMET INFO:\u001b[0m     translate           : 0.1\n","stderr":true},"type":"standard_output"}
{"payload":{"local_timestamp":1747305180819,"message_id":403,"output":"\u001b[1;38;5;39mCOMET INFO:\u001b[0m     upload_dataset      : False\n","stderr":true},"type":"standard_output"}
{"payload":{"local_timestamp":1747305180821,"message_id":404,"output":"\u001b[1;38;5;39mCOMET INFO:\u001b[0m     val_conf_threshold  : 0.001\n","stderr":true},"type":"standard_output"}
{"payload":{"local_timestamp":1747305180821,"message_id":405,"output":"\u001b[1;38;5;39mCOMET INFO:\u001b[0m     val_iou_threshold   : 0.6\n","stderr":true},"type":"standard_output"}
{"payload":{"local_timestamp":1747305180822,"message_id":406,"output":"\u001b[1;38;5;39mCOMET INFO:\u001b[0m     warmup_bias_lr      : 0.1\n","stderr":true},"type":"standard_output"}
{"payload":{"local_timestamp":1747305180822,"message_id":407,"output":"\u001b[1;38;5;39mCOMET INFO:\u001b[0m     warmup_epochs       : 3.0\n","stderr":true},"type":"standard_output"}
{"payload":{"local_timestamp":1747305180823,"message_id":408,"output":"\u001b[1;38;5;39mCOMET INFO:\u001b[0m     warmup_momentum     : 0.8\n","stderr":true},"type":"standard_output"}
{"payload":{"local_timestamp":1747305180823,"message_id":409,"output":"\u001b[1;38;5;39mCOMET INFO:\u001b[0m     weight_decay        : 0.0005\n","stderr":true},"type":"standard_output"}
{"payload":{"local_timestamp":1747305180824,"message_id":410,"output":"\u001b[1;38;5;39mCOMET INFO:\u001b[0m     workers             : 8\n","stderr":true},"type":"standard_output"}
{"payload":{"local_timestamp":1747305180824,"message_id":411,"output":"\u001b[1;38;5;39mCOMET INFO:\u001b[0m   Uploads:\n","stderr":true},"type":"standard_output"}
{"payload":{"local_timestamp":1747305180825,"message_id":412,"output":"\u001b[1;38;5;39mCOMET INFO:\u001b[0m     asset               : 3 (1.50 KB)\n","stderr":true},"type":"standard_output"}
{"payload":{"local_timestamp":1747305180825,"message_id":413,"output":"\u001b[1;38;5;39mCOMET INFO:\u001b[0m     environment details : 1\n","stderr":true},"type":"standard_output"}
{"payload":{"local_timestamp":1747305180826,"message_id":414,"output":"\u001b[1;38;5;39mCOMET INFO:\u001b[0m     git metadata        : 1\n","stderr":true},"type":"standard_output"}
{"payload":{"local_timestamp":1747305180826,"message_id":415,"output":"\u001b[1;38;5;39mCOMET INFO:\u001b[0m     installed packages  : 1\n","stderr":true},"type":"standard_output"}
{"payload":{"local_timestamp":1747305180831,"message_id":416,"output":"\u001b[1;38;5;39mCOMET INFO:\u001b[0m \n","stderr":true},"type":"standard_output"}
{"payload":{"local_timestamp":1747305180832,"message_id":417,"metric":{"epoch":null,"metricName":"process duration","metricValue":197,"step":null}},"type":"metric_msg"}
